RegionID,SizeRank,RegionName,RegionType,StateName,State,City,Metro,CountyName,1/31/2019,2/28/2019,3/31/2019,4/30/2019,5/31/2019,6/30/2019,7/31/2019,8/31/2019,9/30/2019,10/31/2019,11/30/2019,12/31/2019,1/31/2020,2/29/2020,3/31/2020,4/30/2020
270958,3,Upper West Side,Neighborhood,NY,NY,New York,New York-Newark-Jersey City,New York County,1290079,1278523,1280139,1266046,1262482,1253567,1245653,1231122,1218079,1211863,1214994,1223361,1223522,1218477,1207736,1208018
270957,5,Upper East Side,Neighborhood,NY,NY,New York,New York-Newark-Jersey City,New York County,957125,950697,953592,950928,951278,945871,943890,943323,941689,939559,938245,938958,938388,939042,932658,930498
194430,9,East New York,Neighborhood,NY,NY,New York,New York-Newark-Jersey City,Kings County,477839,477654,478699,481024,483801,485286,485335,485671,487120,487978,489206,490597,494343,498805,503472,507712
198687,11,Washington Heights,Neighborhood,NY,NY,New York,New York-Newark-Jersey City,New York County,599515,595929,594111,590953,591383,589899,586022,582360,574867,568781,564991,560923,556293,551425,546846,542495
272816,14,Astoria,Neighborhood,NY,NY,New York,New York-Newark-Jersey City,Queens County,648120,649654,652053,651494,650255,647284,647174,647857,648439,648451,647437,648020,649250,650636,650432,651140
272902,16,Bedford Stuyvesant,Neighborhood,NY,NY,New York,New York-Newark-Jersey City,Kings County,1003753,999926,1001778,1006460,1008515,1007328,1006172,1001258,998342,997364,996043,998775,1002386,1009051,1014600,1019247
199001,17,Williamsburg,Neighborhood,NY,NY,New York,New York-Newark-Jersey City,Kings County,906815,903707,905982,908844,913771,911556,907398,901782,899275,896055,890514,890170,892065,898366,902106,906077
194737,20,Flatbush,Neighborhood,NY,NY,New York,New York-Newark-Jersey City,Kings County,599537,609715,619163,623279,620470,620202,618828,617392,617872,615860,613128,609859,605882,599465,593575,590485
403222,23,Crown Heights,Neighborhood,NY,NY,New York,New York-Newark-Jersey City,Kings County,911378,907652,906042,905903,904854,900012,896892,890753,889841,887687,884827,880038,879227,880023,880976,881469
25294,24,Jamaica,Neighborhood,NY,NY,New York,New York-Newark-Jersey City,Queens County,494547,496451,497434,497591,497236,495259,493471,492636,492389,493290,493903,494303,494431,495360,496176,497511
195267,25,Harlem,Neighborhood,NY,NY,New York,New York-Newark-Jersey City,New York County,789411,777154,766641,760685,763181,763116,760272,755071,742105,735429,730298,730936,730304,730617,729780,729149
343222,29,Williamsbridge,Neighborhood,NY,NY,New York,New York-Newark-Jersey City,Bronx County,289950,291906,295401,299173,302133,304528,307210,309423,311841,314695,316875,319439,321021,322682,322100,322209
193587,34,Bushwick,Neighborhood,NY,NY,New York,New York-Newark-Jersey City,Kings County,924556,924319,926938,931427,931710,928387,927359,925900,926848,928714,930583,936022,943873,951674,959654,966803
194379,35,East Flatbush,Neighborhood,NY,NY,New York,New York-Newark-Jersey City,Kings County,556230,560020,563849,567454,569962,573478,576245,578836,583202,587060,590844,594280,596907,597571,598586,599618
10957,38,Corona,Neighborhood,NY,NY,New York,New York-Newark-Jersey City,Queens County,370483,371099,371926,372005,371206,370421,369435,369280,368045,368039,367919,369779,371472,372481,373178,374415
270945,40,Sunset Park,Neighborhood,NY,NY,New York,New York-Newark-Jersey City,Kings County,583249,585210,586636,586935,587924,588163,587892,585408,584567,583998,583919,583763,583321,582152,581554,581911
193406,44,Borough Park,Neighborhood,NY,NY,New York,New York-Newark-Jersey City,Kings County,876233,878342,876741,875196,870575,866693,862690,854544,846584,838644,832856,826957,822514,816914,815794,815756
193285,45,Bensonhurst,Neighborhood,NY,NY,New York,New York-Newark-Jersey City,Kings County,744748,747152,747983,748583,748353,747822,747050,746237,744623,743307,741082,738882,737253,735023,734583,733226
403223,48,Elmhurst,Neighborhood,NY,NY,New York,New York-Newark-Jersey City,Queens County,404763,405592,405186,404988,404912,404742,403454,402231,400850,400344,399577,398707,398095,396767,395138,393090
403131,54,Sheepshead Bay,Neighborhood,NY,NY,New York,New York-Newark-Jersey City,Kings County,411237,411499,411081,410982,410399,410716,411353,411828,412167,412072,412412,411938,412004,412118,413502,415135
343217,55,South Bronx,Neighborhood,NY,NY,New York,New York-Newark-Jersey City,Bronx County,306941,309474,312976,316791,317391,318440,320751,323826,326586,328491,331656,336300,341004,343727,344141,345200
343205,56,Soundview,Neighborhood,NY,NY,New York,New York-Newark-Jersey City,Bronx County,204818,203775,205657,209676,212609,213342,213631,214949,217085,221169,224228,226755,230168,234304,235848,235536
193640,59,Canarsie,Neighborhood,NY,NY,New York,New York-Newark-Jersey City,Kings County,526762,529455,530296,531970,532565,533959,535563,537071,539828,539596,540103,540123,542491,544009,546694,549759
270875,66,Lower East Side,Neighborhood,NY,NY,New York,New York-Newark-Jersey City,New York County,888345,893534,898568,898515,898903,905557,917050,933882,946226,948314,945941,944569,949688,952941,959911,967691
18131,70,Flushing,Neighborhood,NY,NY,New York,New York-Newark-Jersey City,Queens County,489121,488491,489478,488251,486431,483469,481387,480080,478562,477877,477262,478058,479429,480499,480193,480898
27182,72,South Ozone Park,Neighborhood,NY,NY,New York,New York-Newark-Jersey City,Queens County,541568,545350,547425,548111,549535,550171,551762,553298,554621,556223,557812,558574,560087,562027,564207,566818
196538,87,Murray Hill,Neighborhood,NY,NY,New York,New York-Newark-Jersey City,Queens County,649872,651048,651712,649982,648947,646839,645701,644769,643957,643954,643816,644462,643879,643398,641728,641767
18071,94,Far Rockaway,Neighborhood,NY,NY,New York,New York-Newark-Jersey City,Queens County,488508,491904,493936,495338,496837,498487,500206,500461,499665,499341,500493,501764,502626,503813,505033,506594
273757,95,Forest Hills,Neighborhood,NY,NY,New York,New York-Newark-Jersey City,Queens County,410834,411109,413246,413369,415277,414656,411833,409290,406441,406514,406001,407554,406576,406573,404531,404038
275173,101,Ridgewood,Neighborhood,NY,NY,New York,New York-Newark-Jersey City,Queens County,791765,788801,785956,784351,782282,779770,776907,775177,776212,779817,783999,789228,794524,798639,801357,804607
270829,107,East Village,Neighborhood,NY,NY,New York,New York-Newark-Jersey City,New York County,899494,891608,894492,909261,922267,925794,921626,916032,909862,905231,903855,906569,909805,904428,891465,869467
197044,109,Park Slope,Neighborhood,NY,NY,New York,New York-Newark-Jersey City,Kings County,1100224,1105420,1110343,1109408,1106021,1102568,1098018,1090891,1087255,1080638,1070588,1054456,1039971,1029451,1020673,1018840
274117,113,Jackson Heights,Neighborhood,NY,NY,New York,New York-Newark-Jersey City,Queens County,427272,431561,430478,431860,432319,438604,441845,443122,442720,440547,438965,437340,434891,430583,428694,425166
270886,121,Midwood,Neighborhood,NY,NY,New York,New York-Newark-Jersey City,Kings County,799418,804333,808579,809756,808323,806489,807473,808207,808383,807455,806442,805584,804703,803100,801976,802905
45032,124,East Elmhurst,Neighborhood,NY,NY,New York,New York-Newark-Jersey City,Queens County,614507,615677,615329,614818,613841,613256,614025,614627,614672,614812,616287,618099,622030,625034,628178,631327
403215,126,Gravesend,Neighborhood,NY,NY,New York,New York-Newark-Jersey City,Kings County,731526,733526,735371,736119,735041,734609,736600,737347,737394,736395,736021,735782,736393,736273,737299,738814
193182,128,Bath Beach,Neighborhood,NY,NY,New York,New York-Newark-Jersey City,Kings County,492738,492411,492089,491846,492670,491451,491181,490144,489301,488114,487250,485272,483861,482357,481504,480399
26352,132,Ozone Park,Neighborhood,NY,NY,New York,New York-Newark-Jersey City,Queens County,567665,570356,572036,572412,572878,571927,571050,571088,571270,572760,573371,573762,574795,575858,576077,576637
276128,135,Richmond Hill,Neighborhood,NY,NY,New York,New York-Newark-Jersey City,Queens County,592592,594408,595683,596216,596948,595656,595095,594327,593180,593494,592751,592332,591855,592052,591366,590594
193526,138,Brownsville,Neighborhood,NY,NY,New York,New York-Newark-Jersey City,Kings County,459077,460586,465853,470445,472908,473238,473089,474017,472562,471457,471754,472892,476089,478152,480447,483398
274415,139,Flatlands,Neighborhood,NY,NY,New York,New York-Newark-Jersey City,Kings County,550392,552740,554128,553998,553297,554412,555963,557308,558743,559100,559681,560178,559970,560890,563044,566754
273860,143,Gramercy,Neighborhood,NY,NY,New York,New York-Newark-Jersey City,New York County,801493,805440,807886,806195,802829,798222,796549,794430,790160,787576,784034,782231,777143,767630,758054,752849
343215,146,Tremont,Neighborhood,NY,NY,New York,New York-Newark-Jersey City,Bronx County,206361,211592,218050,223771,225536,226309,227896,229815,231357,232897,236464,240047,240487,237934,232651,227452
403217,153,Kensington,Neighborhood,NY,NY,New York,New York-Newark-Jersey City,Kings County,600778,605755,604096,602141,598636,599669,593460,585624,581672,575692,572072,568412,565504,560835,560062,556989
343221,166,Bedford Park,Neighborhood,NY,NY,New York,New York-Newark-Jersey City,Bronx County,174570,178227,183379,185181,186564,186559,187314,186211,185332,185239,186046,186427,185830,184203,180539,178135
275115,168,Queens Village,Neighborhood,NY,NY,New York,New York-Newark-Jersey City,Queens County,535479,537655,540511,542363,543899,543381,543333,544281,544918,546048,547176,548683,549923,550875,550447,550356
343204,170,Mott Haven,Neighborhood,NY,NY,New York,New York-Newark-Jersey City,Bronx County,561072,562875,567290,573543,576142,578057,580355,582563,581326,581865,582600,587816,591844,599141,605678,609726
5837,173,Maspeth,Neighborhood,NY,NY,New York,New York-Newark-Jersey City,Queens County,740883,740963,742373,742406,741480,738671,738290,737729,737743,737820,737837,738500,740909,743659,744538,746043
193189,174,Bay Ridge,Neighborhood,NY,NY,New York,New York-Newark-Jersey City,Kings County,555883,552666,557245,562332,569556,572435,573305,571357,570440,564495,560434,556145,554760,553275,547357,541159
343213,175,University Heights,Neighborhood,NY,NY,New York,New York-Newark-Jersey City,Bronx County,237638,241579,245239,248081,249230,250755,253239,254731,253506,252822,252430,252666,252332,252441,250917,249455
199091,188,Woodside,Neighborhood,NY,NY,New York,New York-Newark-Jersey City,Queens County,338784,337616,337057,336000,335968,334500,332627,331859,331841,331814,332939,335560,340880,345980,352138,360369
270850,189,Hamilton Heights,Neighborhood,NY,NY,New York,New York-Newark-Jersey City,New York County,667653,662265,661838,662098,658068,656346,656227,656844,647190,637393,632713,632971,632239,626553,617300,606300
37309,192,Bayside,Neighborhood,NY,NY,New York,New York-Newark-Jersey City,Queens County,899634,899727,899434,896488,893823,889188,885920,882895,878944,876098,872674,870770,868961,867583,865609,865299
276254,203,Chelsea,Neighborhood,NY,NY,New York,New York-Newark-Jersey City,New York County,1198174,1201870,1201650,1183613,1166641,1153364,1147038,1135857,1123714,1108163,1093238,1079352,1079736,1081662,1086928,1101975
343214,204,Fordham,Neighborhood,NY,NY,New York,New York-Newark-Jersey City,Bronx County,199265,201713,204055,205210,204758,204142,204376,204364,204112,203649,202996,202167,201166,199316,197319,195646
275620,212,Sunnyside,Neighborhood,NY,NY,New York,New York-Newark-Jersey City,Queens County,483508,482809,473344,467338,464279,467044,468385,470429,473276,474870,476210,476208,479300,486303,500449,512764
195133,216,Greenwich Village,Neighborhood,NY,NY,New York,New York-Newark-Jersey City,New York County,1239791,1243330,1234979,1203483,1177248,1158822,1145228,1130933,1111819,1098053,1094778,1094116,1081324,1067813,1062109,1074033
193974,218,Coney Island,Neighborhood,NY,NY,New York,New York-Newark-Jersey City,Kings County,441603,442607,441816,443410,443126,443245,443389,441012,439256,437894,438595,435875,433647,430451,429847,426861
57348,229,Kew Gardens Hills,Neighborhood,NY,NY,New York,New York-Newark-Jersey City,Queens County,351922,352188,353407,353444,353504,352386,351495,350895,349658,348939,349050,349663,351389,352697,353202,353995
6719,236,Rego Park,Neighborhood,NY,NY,New York,New York-Newark-Jersey City,Queens County,388235,390643,394409,393870,394392,390997,386143,381934,379701,379334,376862,375439,371636,369988,367617,367908
270903,241,Ocean Parkway,Neighborhood,NY,NY,New York,New York-Newark-Jersey City,Kings County,618181,620895,621531,622225,621283,622825,625476,628635,629531,628845,627620,626036,624637,623499,624665,626212
343216,242,Morris Heights,Neighborhood,NY,NY,New York,New York-Newark-Jersey City,Bronx County,368743,370477,376811,382072,385582,386719,388845,389357,387945,389199,392771,399891,405376,409842,409472,411444
403210,243,Melrose,Neighborhood,NY,NY,New York,New York-Newark-Jersey City,Bronx County,292048,291482,293590,296782,297930,298661,300965,303304,306173,309383,313945,318927,323569,327257,328523,329879
343211,244,Parkchester,Neighborhood,NY,NY,New York,New York-Newark-Jersey City,Bronx County,157693,159300,162286,164835,166716,167776,169242,169791,170481,171921,173394,175658,177223,178511,178126,178452
195576,247,Inwood,Neighborhood,NY,NY,New York,New York-Newark-Jersey City,New York County,504525,508474,509572,513657,514886,512810,512601,511118,509523,508005,505574,502353,501490,497768,492833,484087
403211,251,Longwood,Neighborhood,NY,NY,New York,New York-Newark-Jersey City,Bronx County,282066,283642,287385,289522,290234,290908,292920,294079,294656,295226,298653,305320,310705,315438,317327,320727
49994,254,Woodhaven,Neighborhood,NY,NY,New York,New York-Newark-Jersey City,Queens County,604655,604099,603348,602103,601457,599595,598265,597463,596831,597210,596645,597001,597694,598817,598220,597644
403213,266,Norwood,Neighborhood,NY,NY,New York,New York-Newark-Jersey City,Bronx County,160137,161983,165227,166423,166471,166298,168199,169729,171700,173882,177827,181896,184277,186094,188069,192662
270891,270,Morningside Heights,Neighborhood,NY,NY,New York,New York-Newark-Jersey City,New York County,1014735,1005447,1007166,1009846,1013555,1004315,991207,975319,955994,945663,938498,936222,927319,911841,886547,858579
273766,278,Fort Greene,Neighborhood,NY,NY,New York,New York-Newark-Jersey City,Kings County,823137,815315,813048,806483,799779,792251,787833,786961,785836,783215,777453,771368,767511,767861,768276,770670
276060,279,Whitestone,Neighborhood,NY,NY,New York,New York-Newark-Jersey City,Queens County,830121,831282,830590,827438,824481,820341,816834,813415,810425,808623,806384,804685,803251,801603,799838,799848
270819,294,Co-op City,Neighborhood,NY,NY,New York,New York-Newark-Jersey City,Bronx County,472362,477069,482235,487536,491098,492987,494220,495677,497307,499761,501501,505204,509756,512857,513613,514276
343225,297,Wakefield,Neighborhood,NY,NY,New York,New York-Newark-Jersey City,Bronx County,449829,453936,459164,462682,463769,465237,467981,470616,473483,476870,479408,482502,484132,484875,482894,483328
343212,299,Morris Park,Neighborhood,NY,NY,New York,New York-Newark-Jersey City,Bronx County,304203,306357,309451,311412,312656,315236,319595,322728,325458,329479,332273,335362,337610,341222,343305,346941
194318,300,Dyker Heights,Neighborhood,NY,NY,New York,New York-Newark-Jersey City,Kings County,963998,966219,966201,962728,958835,953976,953014,951637,951073,949705,947059,943878,942423,942098,944152,947482
275552,305,St. Albans,Neighborhood,NY,NY,New York,New York-Newark-Jersey City,Queens County,503529,505103,506853,508290,508591,507483,506818,506779,506669,506265,506257,506175,507854,509135,509982,510696
25160,306,Hollis,Neighborhood,NY,NY,New York,New York-Newark-Jersey City,Queens County,532518,534514,536918,538608,540380,540385,541208,542168,542679,543514,544215,544449,544730,545455,545551,545962
343210,310,Throggs Neck,Neighborhood,NY,NY,New York,New York-Newark-Jersey City,Bronx County,463674,467487,473003,477252,479673,480538,483331,485463,486632,488811,489688,492454,493344,494522,493471,494306
194474,328,East Tremont,Neighborhood,NY,NY,New York,New York-Newark-Jersey City,Bronx County,200735,204933,207813,209844,211267,213902,215895,216552,217154,217619,218376,218671,217956,218236,218254,218857
270848,341,Greenpoint,Neighborhood,NY,NY,New York,New York-Newark-Jersey City,Kings County,1105474,1102764,1103414,1100908,1100727,1094937,1092488,1089996,1093132,1092715,1089306,1085747,1083572,1085042,1085532,1090455
39971,345,New City,Neighborhood,NY,NY,Town Of Clarkstown,New York-Newark-Jersey City,Rockland County,515274,516405,517304,517062,515650,513828,511610,510435,510096,509113,507582,506226,504802,503986,502663,502321
403110,347,Rochdale,Neighborhood,NY,NY,New York,New York-Newark-Jersey City,Queens County,512841,513709,514407,514208,514936,514931,515542,515973,515363,514166,514017,515352,517964,521468,524006,526445
276345,349,Glendale,Neighborhood,NY,NY,New York,New York-Newark-Jersey City,Queens County,689919,689338,689283,689471,687693,686031,684837,684572,683195,683268,682979,683679,685707,686804,686961,686900
403221,350,Prospect Lefferts Gardens,Neighborhood,NY,NY,New York,New York-Newark-Jersey City,Kings County,996971,1012787,1027509,1036139,1040159,1038521,1033171,1025858,1024808,1028347,1031815,1030525,1024054,1014725,1006313,1002036
343220,364,Kingsbridge,Neighborhood,NY,NY,New York,New York-Newark-Jersey City,Bronx County,240848,245863,252565,254037,253776,251985,251856,249684,247325,246438,247700,249543,250294,249511,245814,245511
196338,369,Middle Village,Neighborhood,NY,NY,New York,New York-Newark-Jersey City,Queens County,762243,762905,764484,764079,763756,761151,760278,759475,757973,757356,756596,756249,756722,757511,757115,757602
270902,373,Ocean Hill,Neighborhood,NY,NY,New York,New York-Newark-Jersey City,Kings County,731040,731360,735271,736848,741819,743963,746534,747148,746340,745620,743679,743683,740499,738194,735228,734247
270855,376,Homecrest,Neighborhood,NY,NY,New York,New York-Newark-Jersey City,Kings County,482176,486848,491188,494414,496697,500692,503989,505364,505699,506698,508847,509731,508049,503469,499998,496982
44302,387,Briarwood,Neighborhood,NY,NY,New York,New York-Newark-Jersey City,Queens County,267425,267712,268109,267901,270801,273380,274480,273957,272706,272329,273406,273656,273400,273320,273712,274734
403226,394,Bellerose,Neighborhood,NY,NY,New York,New York-Newark-Jersey City,Queens County,613557,614411,615587,616865,618063,617100,617307,617676,618219,618448,619282,620459,622489,623910,623999,624339
193476,404,Brighton Beach,Neighborhood,NY,NY,New York,New York-Newark-Jersey City,Kings County,466186,470384,472128,469894,469960,470811,473490,473617,473198,470798,469825,469859,467089,463398,460727,461821
270835,405,Financial District,Neighborhood,NY,NY,New York,New York-Newark-Jersey City,New York County,1548012,1546491,1555081,1545691,1531288,1511492,1504326,1497653,1488256,1473622,1456954,1443829,1432146,1421493,1403747,1399528
270797,427,Auburndale,Neighborhood,NY,NY,New York,New York-Newark-Jersey City,Queens County,889221,889135,889220,887858,886195,882599,880676,878691,876181,874615,872963,872570,872741,872527,871066,870779
274285,429,Laurelton,Neighborhood,NY,NY,New York,New York-Newark-Jersey City,Queens County,505736,507556,509674,509943,511064,511235,511297,512050,511689,511517,512353,513691,515969,517830,519358,521290
8731,433,Fort Hamilton,Neighborhood,NY,NY,New York,New York-Newark-Jersey City,Kings County,468695,465876,465040,469315,471638,471931,469657,468439,466524,464177,462526,461119,460732,459063,456007,450490
8349,444,College Point,Neighborhood,NY,NY,New York,New York-Newark-Jersey City,Queens County,741973,741071,739873,736113,731348,725782,722243,718607,714766,711219,707277,704467,702547,700696,697894,696174
21970,464,Howard Beach,Neighborhood,NY,NY,New York,New York-Newark-Jersey City,Queens County,454332,457638,459871,461560,461961,461090,461399,463161,465756,468713,470595,471482,473554,475610,477901,480171
403206,465,Flatiron District,Neighborhood,NY,NY,New York,New York-Newark-Jersey City,New York County,1380819,1372652,1355408,1339170,1329058,1322672,1314059,1301304,1291094,1281578,1275340,1270102,1268561,1268598,1273961,1279924
275247,469,Rosedale,Neighborhood,NY,NY,New York,New York-Newark-Jersey City,Queens County,518749,523213,525749,525931,525988,525806,525932,526977,527140,527609,527148,526432,526087,526075,526919,528262
270881,477,Marine Park,Neighborhood,NY,NY,New York,New York-Newark-Jersey City,Kings County,686067,686764,687917,688061,686148,683541,682841,681238,679623,675788,672865,670119,669443,668755,668901,669904
270908,480,Pelham Gardens,Neighborhood,NY,NY,New York,New York-Newark-Jersey City,Bronx County,536323,540038,546422,551819,553965,554106,556206,556207,556330,557780,560138,564380,566318,567086,563890,562311
270815,491,Clinton Hill,Neighborhood,NY,NY,New York,New York-Newark-Jersey City,Kings County,695177,686883,685606,684360,685144,685752,688137,689996,689262,688826,683774,682858,681367,686240,688453,689206
273478,497,Douglaston-Little Neck,Neighborhood,NY,NY,New York,New York-Newark-Jersey City,Queens County,752016,750977,750589,747596,746071,743339,741159,738788,735589,734104,732471,731996,731233,731288,730241,731166
270907,498,Pelham Bay,Neighborhood,NY,NY,New York,New York-Newark-Jersey City,Bronx County,479490,483761,488584,492480,494234,495995,500156,503572,507508,512336,516303,521476,523882,526595,526876,530291
195087,500,Great Kills,Neighborhood,NY,NY,New York,New York-Newark-Jersey City,Richmond County,561414,561101,559050,557275,555879,556132,556955,558230,558893,557988,556419,555658,555187,555488,556343,558732
4819,521,Fresh Meadows,Neighborhood,NY,NY,New York,New York-Newark-Jersey City,Queens County,911881,912234,914691,913768,913075,908245,905069,902420,899446,898031,896661,896351,896271,895121,891740,890189
274676,530,Kew Gardens,Neighborhood,NY,NY,New York,New York-Newark-Jersey City,Queens County,330702,333167,334399,334113,332732,330409,328229,327158,326345,327455,327796,327241,326771,325431,323630,322480
26254,539,Oakland Gardens,Neighborhood,NY,NY,New York,New York-Newark-Jersey City,Queens County,323207,323456,323182,321349,319884,317622,316933,316952,316783,316663,316370,316099,316301,317519,319542,322820
273653,542,Eltingville,Neighborhood,NY,NY,New York,New York-Newark-Jersey City,Richmond County,575142,574910,572993,571165,570251,570586,571306,572091,572128,570768,569484,568644,567991,568269,569113,571859
270964,557,West Village,Neighborhood,NY,NY,New York,New York-Newark-Jersey City,New York County,1205532,1198984,1201556,1201084,1194905,1189778,1190662,1183454,1178153,1168689,1166191,1166223,1169596,1171157,1169065,1171129
403209,571,Belmont,Neighborhood,NY,NY,New York,New York-Newark-Jersey City,Bronx County,479106,479272,488218,500529,508054,509432,512743,514748,513907,514297,516417,523073,528755,533011,531768,531140
403122,574,Brooklyn Heights,Neighborhood,NY,NY,New York,New York-Newark-Jersey City,New York County,1201015,1218475,1220687,1226625,1229546,1243443,1231468,1212457,1188054,1167001,1147907,1124609,1105232,1083232,1064646,1042767
270946,609,Sutton Place,Neighborhood,NY,NY,New York,New York-Newark-Jersey City,New York County,868904,864034,872638,880095,886030,888448,888736,886030,879142,870366,869553,877080,883055,878775,862367,845874
270853,628,Heartland Village,Neighborhood,NY,NY,New York,New York-Newark-Jersey City,Richmond County,426694,427167,426138,424652,423403,422707,422261,421137,420286,418629,417128,415854,415469,415374,415801,416940
343902,636,19th Ward,Neighborhood,NY,NY,Rochester,Rochester,Monroe County,81850,82489,83134,83624,84723,85780,86589,87393,88217,89305,90408,91726,92987,94398,95917,97795
270812,639,Castle Hill,Neighborhood,NY,NY,New York,New York-Newark-Jersey City,Bronx County,441929,446119,453808,459405,462135,462892,465943,468602,469790,471764,472342,474858,476050,477413,475124,474626
403203,649,West Brighton,Neighborhood,NY,NY,New York,New York-Newark-Jersey City,Richmond County,551846,551079,546412,542508,540111,539654,540408,540860,542165,542743,542805,541296,539518,539140,540297,542248
275518,651,Springfield Gardens,Neighborhood,NY,NY,New York,New York-Newark-Jersey City,Queens County,505573,508933,512083,514397,515876,515287,513150,511345,509891,508967,509245,510874,513169,514890,515735,516097
270969,664,Wingate,Neighborhood,NY,NY,New York,New York-Newark-Jersey City,Kings County,538208,538115,539787,544920,552146,558742,566671,572021,579998,585980,590301,594764,602159,608854,614156,616231
270951,665,Tribeca,Neighborhood,NY,NY,New York,New York-Newark-Jersey City,New York County,3230173,3216847,3198288,3190336,3174786,3162760,3152420,3143121,3126063,3116253,3108795,3097097,3099748,3102282,3110206,3112736
343209,668,Unionport,Neighborhood,NY,NY,New York,New York-Newark-Jersey City,Bronx County,429103,434479,442853,450026,453502,458450,463311,467752,470146,473703,475664,479946,480966,481440,477490,475551
270846,690,Gowanus,Neighborhood,NY,NY,New York,New York-Newark-Jersey City,Kings County,1244546,1240429,1241958,1240482,1236865,1230144,1225116,1218658,1215254,1210857,1206405,1200622,1198924,1200993,1202957,1208135
196623,702,New Utrecht,Neighborhood,NY,NY,New York,New York-Newark-Jersey City,Kings County,949601,954111,956340,953586,947681,941048,937446,934740,932270,929847,925681,922256,920755,919731,921418,924326
270953,732,Turtle Bay,Neighborhood,NY,NY,New York,New York-Newark-Jersey City,New York County,808994,800961,798670,806682,815507,819764,821513,820130,815455,810104,805958,805967,810306,811770,808667,799712
270879,752,Manhattanville,Neighborhood,NY,NY,New York,New York-Newark-Jersey City,New York County,691812,695846,701899,698850,694316,687082,693305,701308,700436,699988,702629,708524,709054,707122,707824,716307
343877,757,Maplewood,Neighborhood,NY,NY,Rochester,Rochester,Monroe County,77035,77787,78519,79575,80809,82104,82817,83500,84226,85210,86075,86982,87940,89127,90393,91724
48417,763,West Farms,Neighborhood,NY,NY,New York,New York-Newark-Jersey City,Bronx County,250681,253493,258198,261647,263725,266583,271439,277032,280941,284674,288370,293290,296548,299670,299963,301186
273903,819,Greenwood,Neighborhood,NY,NY,New York,New York-Newark-Jersey City,Kings County,977632,976542,972022,970997,971811,973555,974364,970539,966439,964032,965086,966137,971703,977926,988536,998354
343223,823,Baychester,Neighborhood,NY,NY,New York,New York-Newark-Jersey City,Bronx County,462693,466548,470458,473396,474762,475741,477050,478323,479594,482676,484490,486790,488522,490423,490661,491915
270885,828,Midtown,Neighborhood,NY,NY,New York,New York-Newark-Jersey City,New York County,1353562,1336573,1321993,1311127,1300397,1297837,1294205,1291624,1280615,1270363,1262336,1262384,1270493,1275779,1279216,1283151
197303,844,Port Richmond,Neighborhood,NY,NY,New York,New York-Newark-Jersey City,Richmond County,440955,442146,439988,435781,431456,429133,428117,426965,425049,423014,420987,419643,418119,417356,418295,420556
8449,860,Eggertsville,Neighborhood,NY,NY,Town Of Amherst,Buffalo-Cheektowaga-Niagara Falls,Erie County,165621,166269,167733,168542,169584,170077,170491,170683,171153,171765,172796,173991,175029,175745,176196,177019
38178,872,Delmar,Neighborhood,NY,NY,Town Of Bethlehem,Albany-Schenectady-Troy,Albany County,281635,283336,285026,286689,287830,288127,288272,287531,286602,285779,286528,286564,285524,282824,279947,276902
343218,878,Spuyten Duyvil,Neighborhood,NY,NY,New York,New York-Newark-Jersey City,Bronx County,282336,285984,291321,296112,299668,303597,307554,311529,316103,316806,316727,318019,321493,322288,319525,315954
272869,887,Battery Park,Neighborhood,NY,NY,New York,New York-Newark-Jersey City,New York County,1209269,1195282,1186800,1181295,1177320,1170296,1162376,1155267,1145970,1139547,1134746,1133627,1136229,1136803,1135270,1131926
270968,914,Windsor Terrace,Neighborhood,NY,NY,New York,New York-Newark-Jersey City,Kings County,766018,772737,777920,785629,787070,786332,783645,778632,773191,769950,767215,766983,763560,758054,754051,750876
15126,932,Kenmore,Neighborhood,NY,NY,Tonawanda,Buffalo-Cheektowaga-Niagara Falls,Erie County,157793,159687,161488,161985,162325,162079,162174,161989,162218,162404,163100,163394,163743,163670,163302,162902
270899,963,North Park,Neighborhood,NY,NY,Buffalo,Buffalo-Cheektowaga-Niagara Falls,Erie County,203096,204222,205805,206506,207187,207176,206878,206690,206868,207211,208146,208735,209961,210632,211039,211111
50348,965,Cambria Heights,Neighborhood,NY,NY,New York,New York-Newark-Jersey City,Queens County,514269,514069,513223,511605,510002,507541,506155,505822,506537,506565,507838,509050,512471,516414,521815,527321
270810,967,Carnegie Hill,Neighborhood,NY,NY,New York,New York-Newark-Jersey City,New York County,1577897,1527763,1481320,1467373,1464112,1474280,1460587,1448818,1427248,1418623,1418056,1430879,1445817,1462834,1480632,1485599
198587,990,Van Nest,Neighborhood,NY,NY,New York,New York-Newark-Jersey City,Bronx County,501160,503416,509046,515414,518932,522397,527204,529291,529004,530242,532371,537910,541670,545235,544589,545188
35961,1012,Rockaway Park,Neighborhood,NY,NY,New York,New York-Newark-Jersey City,Queens County,286035,289290,293039,294172,293319,292628,293615,295401,294142,293414,293968,295965,297625,299468,301412,305716
403228,1022,Hillcrest,Neighborhood,NY,NY,New York,New York-Newark-Jersey City,Queens County,803183,804018,804614,803351,801607,801124,801279,801269,797646,795203,793236,792469,792408,790859,787737,784819
272785,1034,Arden Heights,Neighborhood,NY,NY,New York,New York-Newark-Jersey City,Richmond County,486185,486418,485154,482907,480940,480345,480656,480673,480349,479324,478473,477998,477697,477713,478278,480229
403111,1047,Westchester Heights,Neighborhood,NY,NY,New York,New York-Newark-Jersey City,Bronx County,426662,431432,437603,442123,444569,447089,451721,454843,457290,461114,464336,468232,469402,470535,469506,470159
275929,1057,Washington Square,Neighborhood,NY,NY,Syracuse,Syracuse,Onondaga County,53960,53929,53920,54089,54611,54601,54803,55080,55304,55678,55852,56311,56696,56902,56825,56721
32192,1058,Jamaica Estates,Neighborhood,NY,NY,New York,New York-Newark-Jersey City,Queens County,944024,946148,948497,949023,949362,948931,949979,950638,948637,949228,950188,952362,954549,958394,962192,964735
270811,1063,Carroll Gardens,Neighborhood,NY,NY,New York,New York-Newark-Jersey City,Kings County,1577165,1571164,1567879,1569683,1571310,1572782,1571378,1564120,1563620,1554215,1544493,1531450,1530174,1535165,1541184,1546131
270857,1068,Hunters Point,Neighborhood,NY,NY,New York,New York-Newark-Jersey City,Queens County,762060,762839,766835,770766,772227,772090,772070,770754,769266,769114,768016,769211,769696,768308,763841,759678
194503,1082,Eastwood,Neighborhood,NY,NY,Syracuse,Syracuse,Onondaga County,106868,107246,107183,107366,108088,109092,109829,110780,111746,112840,113589,113995,114009,114658,115690,116916
270861,1098,Jamaica Hills,Neighborhood,NY,NY,New York,New York-Newark-Jersey City,Queens County,485238,486127,486316,487020,487122,487525,487812,488767,488423,488992,489430,489325,490035,490099,490585,489370
343219,1112,Riverdale,Neighborhood,NY,NY,New York,New York-Newark-Jersey City,Bronx County,360035,365204,374209,377316,377044,371094,369410,369592,372549,373180,371509,370648,370229,370396,365447,360786
342680,1144,Pine Hills,Neighborhood,NY,NY,Albany,Albany-Schenectady-Troy,Albany County,177197,177208,177410,178318,178700,178659,178950,179016,179341,179268,180070,180980,181679,181548,181034,180484
55801,1148,Glen Oaks,Neighborhood,NY,NY,New York,New York-Newark-Jersey City,Queens County,428041,429025,429984,430365,429028,427877,425809,421467,416936,416125,416758,417517,415768,412924,409788,407585
762573,1156,Downtown,Neighborhood,NY,NY,Mount Vernon,New York-Newark-Jersey City,Westchester County,455611,460990,466021,470361,477162,483980,488524,491587,489679,486237,483296,484258,481821,478962,474884,471200
193555,1157,Bulls Head,Neighborhood,NY,NY,New York,New York-Newark-Jersey City,Richmond County,537664,537381,535430,532376,529018,526499,526153,525263,524363,521925,519489,517700,517351,517515,518731,520525
42226,1173,Lansingburgh,Neighborhood,NY,NY,Troy,Albany-Schenectady-Troy,Rensselaer County,122563,121956,121956,122282,123133,123765,124212,124619,125206,125419,126004,126813,127738,128587,129404,130368
10007,1180,Arverne,Neighborhood,NY,NY,New York,New York-Newark-Jersey City,Queens County,349687,349359,347466,346141,345551,345604,348076,350156,350852,350706,349489,348160,346066,347631,349964,353459
196213,1185,Mariner's Harbor,Neighborhood,NY,NY,New York,New York-Newark-Jersey City,Richmond County,400455,400313,398143,396477,394516,394551,393510,392332,390049,388534,387982,387804,387209,386219,386513,387279
403225,1196,Floral park,Neighborhood,NY,NY,New York,New York-Newark-Jersey City,Queens County,665994,667380,667383,666395,666477,665667,665825,665557,664587,664463,665123,666578,667398,667229,666024,665547
403136,1209,Emerson Hill,Neighborhood,NY,NY,New York,New York-Newark-Jersey City,Richmond County,686908,684876,682021,678510,674555,672677,671674,670023,668060,665909,663782,662861,662295,663410,664751,667799
403202,1237,St. George,Neighborhood,NY,NY,New York,New York-Newark-Jersey City,Richmond County,448763,451074,452479,450904,446814,444050,441042,441001,441978,443944,444692,445338,444508,444132,443882,446607
270800,1257,Bay Terrace,Neighborhood,NY,NY,New York,New York-Newark-Jersey City,Queens County,425024,425798,427265,426771,425432,423436,421987,420776,419966,419439,418360,418961,419363,419571,418784,418978
270900,1272,North Riverdale,Neighborhood,NY,NY,New York,New York-Newark-Jersey City,Bronx County,299153,301706,303843,305511,304564,303933,304592,305192,305754,306316,306907,307538,308664,308594,308749,309151
272994,1273,Boerum Hill,Neighborhood,NY,NY,New York,New York-Newark-Jersey City,Kings County,1361280,1353901,1352373,1345853,1340901,1334861,1330027,1322210,1317403,1310989,1301459,1294109,1290206,1294008,1296807,1304572
40084,1293,North Wantagh,Neighborhood,NY,NY,Wantagh,New York-Newark-Jersey City,Nassau County,477057,478810,480767,482494,482643,482814,483637,485111,485504,485354,486243,487510,489210,489482,489136,488964
270840,1296,Front Park,Neighborhood,NY,NY,Buffalo,Buffalo-Cheektowaga-Niagara Falls,Erie County,152791,153902,154726,154119,152872,151992,151356,151497,151934,152919,153373,153481,154222,155103,155847,156749
275206,1324,Riverside Park,Neighborhood,NY,NY,Buffalo,Buffalo-Cheektowaga-Niagara Falls,Erie County,85918,87056,88767,89221,90388,90906,91538,92061,92264,92303,92066,92418,92559,93059,92818,93204
19674,1331,North Merrick,Neighborhood,NY,NY,Merrick,New York-Newark-Jersey City,Nassau County,537940,539115,540195,540455,540255,538775,538038,537464,537593,535889,535950,535638,537217,537331,537369,537407
196875,1332,Oakwood,Neighborhood,NY,NY,New York,New York-Newark-Jersey City,Richmond County,577259,579421,578350,577151,574536,574610,574787,575247,574967,572909,571211,570305,570778,570664,572108,574683
20239,1346,Roosevelt Island,Neighborhood,NY,NY,New York,New York-Newark-Jersey City,New York County,953760,948564,948336,949611,948077,942128,939210,937091,933841,929854,925960,922380,920252,916935,910685,903519
270888,1376,Mill Basin,Neighborhood,NY,NY,New York,New York-Newark-Jersey City,Kings County,812479,808155,805706,804905,802477,799393,798159,796773,794704,792653,790643,790624,791509,793186,793775,794607
197599,1405,Rosebank,Neighborhood,NY,NY,New York,New York-Newark-Jersey City,Richmond County,538286,537596,534435,530968,527743,527642,526490,524897,523387,522416,521409,520420,518937,518192,518719,521134
270825,1448,Downtown,Neighborhood,NY,NY,New York,New York-Newark-Jersey City,Kings County,730539,724026,712348,704382,697937,697651,692747,689170,686467,681140,674975,669250,670818,677494,689347,698276
197427,1449,Red Hook,Neighborhood,NY,NY,New York,New York-Newark-Jersey City,Kings County,1927211,1912014,1888388,1889183,1887733,1894789,1896890,1890667,1872749,1843734,1816587,1791308,1796376,1804778,1819478,1822051
195067,1455,Graniteville,Neighborhood,NY,NY,New York,New York-Newark-Jersey City,Richmond County,415039,415936,415656,414094,412224,411738,411437,410576,409439,407203,405424,404039,403532,403214,403494,404865
275754,1466,Tottenville,Neighborhood,NY,NY,New York,New York-Newark-Jersey City,Richmond County,621424,622261,621680,618619,615985,613550,613259,612819,613832,612986,612770,611726,611824,611438,612219,615587
198184,1472,Stapleton,Neighborhood,NY,NY,New York,New York-Newark-Jersey City,Richmond County,413425,415797,414692,413302,410820,412328,413444,414285,414945,415586,416116,416390,416129,415174,416200,417432
273749,1487,Forest,Neighborhood,NY,NY,Buffalo,Buffalo-Cheektowaga-Niagara Falls,Erie County,132000,132137,131835,131706,132597,133654,134347,134876,134699,134710,135038,135970,136741,137680,138604,139387
195511,1491,Huguenot,Neighborhood,NY,NY,New York,New York-Newark-Jersey City,Richmond County,711962,710333,706537,704512,703179,702565,701385,700528,699738,697389,694384,691238,690482,690960,692601,694140
197623,1502,Rossville,Neighborhood,NY,NY,New York,New York-Newark-Jersey City,Richmond County,468712,469701,468220,466574,465085,465250,465736,465698,464919,463210,461987,460865,461024,461032,462233,463901
13356,1523,Pomonok,Neighborhood,NY,NY,New York,New York-Newark-Jersey City,Queens County,291288,289180,289300,291706,296476,299125,300788,302559,304929,307901,311643,314251,317459,320572,322101,322855
199023,1526,Willowbrook,Neighborhood,NY,NY,New York,New York-Newark-Jersey City,Richmond County,587171,587652,585212,581751,577912,575526,575067,574664,574321,572881,570861,569244,568617,568782,570524,573430
270928,1538,SoHo,Neighborhood,NY,NY,New York,New York-Newark-Jersey City,New York County,2495626,2510155,2499234,2501022,2514754,2550657,2567207,2569172,2555057,2565947,2586012,2595484,2601027,2621867,2665573,2698666
274175,1560,Kensington,Neighborhood,NY,NY,Buffalo,Buffalo-Cheektowaga-Niagara Falls,Erie County,65782,66303,66874,66849,66764,66270,65923,65474,65158,64841,65018,65343,65843,66182,66316,66968
426284,1570,Great Neck Village,Neighborhood,NY,NY,Great Neck,New York-Newark-Jersey City,Nassau County,1029596,1028239,1026331,1025272,1021861,1019055,1016516,1017883,1018092,1017658,1012991,1009242,1005405,1002751,999958,996640
193861,1571,Clason Point,Neighborhood,NY,NY,New York,New York-Newark-Jersey City,Bronx County,421142,423589,429276,433333,435387,436229,439317,442525,444028,445301,446155,449997,453778,456081,456902,459055
273038,1573,Brighton,Neighborhood,NY,NY,Syracuse,Syracuse,Onondaga County,39106,38762,38477,38893,39619,39998,40224,40456,40710,40911,40971,40942,41435,42129,42664,42753
270925,1577,Schiller Park,Neighborhood,NY,NY,Buffalo,Buffalo-Cheektowaga-Niagara Falls,Erie County,47035,46882,47281,47516,47985,48059,48396,48823,49398,49780,50192,50777,51621,52434,52727,53144
198092,1580,South Troy,Neighborhood,NY,NY,Troy,Albany-Schenectady-Troy,Rensselaer County,152114,152259,152059,152532,152948,153934,154805,155803,156698,157643,158410,159282,159892,160853,162602,164081
252377,1607,Woodlawn,Neighborhood,NY,NY,Schenectady,Albany-Schenectady-Troy,Schenectady County,117067,118331,120101,120983,121451,121725,122976,124370,126055,127128,127939,129378,130290,130878,130754,131231
270873,1622,Little Italy,Neighborhood,NY,NY,New York,New York-Newark-Jersey City,New York County,2217136,2212303,2195746,2175321,2163363,2159990,2165342,2166320,2162009,2167748,2180113,2186324,2203104,2223076,2251565,2279777
274627,1627,Murray Hill,Neighborhood,NY,NY,New York,New York-Newark-Jersey City,New York County,780295,765054,756167,756402,756555,754203,750624,741066,733282,727750,729488,736206,744945,747169,746777,743908
343224,1642,Eastchester,Neighborhood,NY,NY,New York,New York-Newark-Jersey City,Bronx County,416535,419076,424153,429389,433453,435476,437584,439318,441895,446131,448943,451737,454014,456380,456522,457033
760943,1652,Mont Pleasant,Neighborhood,NY,NY,Schenectady,Albany-Schenectady-Troy,Schenectady County,90519,92153,93397,93951,93972,94141,94741,95142,95563,96231,96940,97590,98452,99575,101126,103196
274645,1654,Near Northeast,Neighborhood,NY,NY,Syracuse,Syracuse,Onondaga County,65936,66314,66521,66587,66846,66986,67140,67108,67076,67053,67056,67034,66952,66923,66833,66853
12514,1658,Mahopac,Neighborhood,NY,NY,Town Of Carmel,New York-Newark-Jersey City,Putnam County,398981,397918,397577,398042,400232,401733,403425,405112,407002,407436,407413,406693,406569,407178,407563,405834
193821,1681,Chinatown,Neighborhood,NY,NY,New York,New York-Newark-Jersey City,New York County,918570,916639,906285,896098,887048,887255,888260,893470,892979,898127,900100,906128,912579,917244,925433,933403
270912,1704,Prince's Bay,Neighborhood,NY,NY,New York,New York-Newark-Jersey City,Richmond County,714467,715556,714421,712806,710562,708913,707778,707487,707953,706794,705753,703709,703019,701606,701804,702615
50093,1714,Snyder,Neighborhood,NY,NY,Town Of Amherst,Buffalo-Cheektowaga-Niagara Falls,Erie County,214516,214876,216403,217435,219024,219930,220936,221471,222210,223120,224786,226854,228726,230489,231770,233441
197042,1734,Park Hill,Neighborhood,NY,NY,New York,New York-Newark-Jersey City,Richmond County,433550,433885,431082,428371,426028,426308,427179,427752,428790,428870,428458,427282,426867,427217,429652,432070
403218,1747,Georgetown,Neighborhood,NY,NY,New York,New York-Newark-Jersey City,Kings County,578589,579373,578427,577050,575498,574486,574823,576630,579245,580599,581662,582701,583691,584550,586496,589694
195119,1759,Greenridge,Neighborhood,NY,NY,New York,New York-Newark-Jersey City,Richmond County,488814,489458,487866,485981,484714,485376,486516,487272,487261,486726,486161,485628,485650,485787,486872,488588
275164,1762,Richmond Town,Neighborhood,NY,NY,New York,New York-Newark-Jersey City,Richmond County,594655,594958,592831,591630,589467,588737,588575,589061,589636,588029,586419,585227,585380,585203,586576,588499
195125,1824,Greenville,Neighborhood,NY,NY,Scarsdale,New York-Newark-Jersey City,Westchester County,1071786,1064022,1060318,1061259,1064182,1068753,1068522,1065981,1063630,1057441,1051728,1047152,1042692,1039371,1034710,1029559
196350,1827,Midland Beach,Neighborhood,NY,NY,New York,New York-Newark-Jersey City,Richmond County,545071,544300,542024,539395,537057,536368,535792,535615,534921,533930,532515,532338,532331,532581,532963,534642
343880,1854,Lyell-Otis,Neighborhood,NY,NY,Rochester,Rochester,Monroe County,54642,55245,55649,56191,56867,57308,57539,57814,58233,58845,59600,60552,61412,62280,63494,64704
56273,1867,Rockaway Beach,Neighborhood,NY,NY,New York,New York-Newark-Jersey City,Queens County,235543,236947,238463,241050,243609,246079,247349,248366,249045,249317,249164,248577,247552,246090,244194,241377
270880,1870,Marble Hill,Neighborhood,NY,NY,New York,New York-Newark-Jersey City,New York County,1044295,1046499,1048306,1048176,1047882,1047516,1048855,1050363,1052167,1054370,1057002,1060078,1063612,1067615,1072096,1077872
343881,1895,Beechwood,Neighborhood,NY,NY,Rochester,Rochester,Monroe County,53629,54519,55183,56233,57916,59281,60123,60781,61279,61761,62262,62663,62955,63320,63876,64427
342696,1896,Campus Area (University District),Neighborhood,NY,NY,Albany,Albany-Schenectady-Troy,Albany County,177877,178936,179779,180501,180822,181552,182481,183115,183576,183762,184634,185421,185599,184636,183719,182933
197995,1979,South Beach,Neighborhood,NY,NY,New York,New York-Newark-Jersey City,Richmond County,556510,554406,550641,546740,543884,542884,541494,539636,537951,536377,534218,532840,531924,532469,533850,536235
342683,1999,Delaware Avenue,Neighborhood,NY,NY,Albany,Albany-Schenectady-Troy,Albany County,144610,145429,146510,147472,147809,147783,148287,148416,148558,148225,148731,148848,149178,148674,147911,146946
270867,2027,LaSalle,Neighborhood,NY,NY,Buffalo,Buffalo-Cheektowaga-Niagara Falls,Erie County,59192,59818,61056,61850,62589,62857,63424,64097,64659,65073,65444,65947,66443,66815,66745,67033
396747,2042,Glens Falls North,Neighborhood,NY,NY,Town Of Queensbury,Glens Falls,Warren County,214502,215307,216128,217724,218332,219160,218243,217902,217468,218002,217500,216946,216724,217089,217690,217368
762572,2050,Mount Vernon Heights,Neighborhood,NY,NY,Mount Vernon,New York-Newark-Jersey City,Westchester County,399168,397773,397291,399453,402314,405106,407765,410819,413435,415638,417689,420168,425104,430306,434705,436301
274792,2067,Northside,Neighborhood,NY,NY,Syracuse,Syracuse,Onondaga County,88514,88811,88908,89615,90571,91714,92615,93491,94502,95553,96429,97268,97946,98812,99915,101019
764297,2077,Northside,Neighborhood,NY,NY,Schenectady,Albany-Schenectady-Troy,Schenectady County,136175,137192,137842,136919,136094,135659,136619,136884,137684,138501,139407,140471,140759,141074,141378,142783
193043,2108,Arrochar,Neighborhood,NY,NY,New York,New York-Newark-Jersey City,Richmond County,594339,594344,592447,590491,588179,587363,584952,582180,579529,577655,574840,572543,570126,568873,568697,569851
762152,2120,Union Street,Neighborhood,NY,NY,Schenectady,Albany-Schenectady-Troy,Schenectady County,148876,149931,150778,150686,150476,150633,151213,151631,152143,152866,153703,154875,155472,155842,155887,156468
44012,2138,Baldwin Harbor,Neighborhood,NY,NY,Baldwin,New York-Newark-Jersey City,Nassau County,493639,495418,497963,499862,500625,502215,503768,506030,506617,507194,508561,510621,512909,514471,514549,515332
195405,2170,Hillcrest,Neighborhood,NY,NY,Ramapo,New York-Newark-Jersey City,Rockland County,450235,452069,451006,450009,449217,448542,447220,446340,445781,444059,441816,437773,434183,431851,431180,429951
195069,2199,Grant City,Neighborhood,NY,NY,New York,New York-Newark-Jersey City,Richmond County,577726,576984,574837,573017,570614,570125,569686,569276,568404,567086,565770,565688,566180,566644,568152,570341
403204,2205,Castleton Corners,Neighborhood,NY,NY,New York,New York-Newark-Jersey City,Richmond County,602948,601027,598425,595288,592083,589796,588968,587999,587201,585874,583659,582745,582118,582547,582883,584450
270874,2225,Lovejoy,Neighborhood,NY,NY,Buffalo,Buffalo-Cheektowaga-Niagara Falls,Erie County,65083,65615,66755,66993,67409,67373,67425,67667,67983,68121,68456,68960,69196,69338,68887,68805
270816,2238,Cobble Hill,Neighborhood,NY,NY,New York,New York-Newark-Jersey City,Kings County,1396481,1389772,1388010,1391198,1402985,1413486,1413867,1408555,1411174,1409854,1408863,1407697,1408997,1420205,1427376,1434105
195167,2273,Grymes Hill,Neighborhood,NY,NY,New York,New York-Newark-Jersey City,Richmond County,605742,604330,601256,598694,595545,594690,593632,591513,589738,589274,589549,590217,590573,591043,592954,595117
343882,2280,North Winton Village,Neighborhood,NY,NY,Rochester,Rochester,Monroe County,126444,127392,127814,128545,129607,130361,130183,130205,130300,130764,131183,131528,132072,132862,134152,135621
343226,2286,Country Club,Neighborhood,NY,NY,New York,New York-Newark-Jersey City,Bronx County,559320,561899,565963,569826,573463,576942,581675,582883,582357,583650,584999,589267,591355,593606,591784,591639
193536,2335,Bryn Mawr,Neighborhood,NY,NY,Yonkers,New York-Newark-Jersey City,Westchester County,505802,500453,499155,500530,504766,509622,512340,514938,516747,516235,514430,514924,516599,520579,522486,522783
760938,2343,Central State Street,Neighborhood,NY,NY,Schenectady,Albany-Schenectady-Troy,Schenectady County,82514,83025,83489,84578,85525,86737,87611,88179,88688,88982,90155,91016,92575,93484,94386,95326
272771,2388,Annadale,Neighborhood,NY,NY,New York,New York-Newark-Jersey City,Richmond County,758752,757873,755129,752676,749812,748054,746624,746104,745712,744753,743024,741695,740391,739824,740201,742169
270847,2397,Grant Ferry,Neighborhood,NY,NY,Buffalo,Buffalo-Cheektowaga-Niagara Falls,Erie County,124937,124189,123055,121861,121402,121865,121981,121625,121410,121846,122674,123541,124329,125632,126853,127880
273057,2417,Broadway-Fillmore,Neighborhood,NY,NY,Buffalo,Buffalo-Cheektowaga-Niagara Falls,Erie County,37030,37242,37891,38226,38530,38391,38164,37926,37741,37580,37678,38005,38235,38186,37805,37697
403199,2426,Grasmere - Concord,Neighborhood,NY,NY,New York,New York-Newark-Jersey City,Richmond County,619258,618748,616223,613371,610113,609654,608572,607533,605695,603296,600410,599140,598277,597718,598293,599842
698705,2431,Rye Neck,Neighborhood,NY,NY,Town of Mamaroneck,New York-Newark-Jersey City,Westchester County,767944,763188,761593,760979,763314,766360,767234,768319,767457,764369,761473,760528,758514,758065,756931,754221
270793,2437,Abbott McKinley,Neighborhood,NY,NY,Buffalo,Buffalo-Cheektowaga-Niagara Falls,Erie County,142764,143156,144905,146541,148094,148451,148386,148563,149086,149727,150924,152336,154239,155958,156719,157240
270904,2455,Old Town,Neighborhood,NY,NY,New York,New York-Newark-Jersey City,Richmond County,605443,604566,602483,601355,600301,600557,599299,598607,597494,596619,593999,592730,591743,591479,592250,593617
270862,2460,Kenfield,Neighborhood,NY,NY,Buffalo,Buffalo-Cheektowaga-Niagara Falls,Erie County,56930,57932,59271,59504,59418,59102,59223,59684,59947,60334,60757,61296,61754,62278,62592,63581
343910,2474,Edgerton,Neighborhood,NY,NY,Rochester,Rochester,Monroe County,35464,35700,35966,36249,36963,37390,37785,38125,38443,38803,39159,39562,39696,39949,40301,40810
193771,2481,Charlotte,Neighborhood,NY,NY,Rochester,Rochester,Monroe County,104996,106084,106922,107666,108491,109097,109017,108999,109149,109655,110049,110414,110846,111286,112052,113105
270851,2506,Hamlin Park,Neighborhood,NY,NY,Buffalo,Buffalo-Cheektowaga-Niagara Falls,Erie County,92653,92884,93010,93496,93724,94174,94011,94590,95442,96652,97145,97828,99678,102595,105795,108518
16920,2553,Bay Terrace,Neighborhood,NY,NY,New York,New York-Newark-Jersey City,Richmond County,548739,547488,544293,542614,542193,543634,544725,546373,547070,545537,543218,541686,541049,541399,542655,544669
403125,2587,Meiers Corners,Neighborhood,NY,NY,New York,New York-Newark-Jersey City,Richmond County,568343,568609,567286,564234,561007,558756,559259,559405,559374,557898,556284,555889,555917,556299,557269,559489
343908,2592,Park Avenue,Neighborhood,NY,NY,Rochester,Rochester,Monroe County,258087,260129,261420,262481,263799,265657,265903,265884,265530,266188,267027,268157,268490,269354,270755,272785
343905,2597,Upper Falls,Neighborhood,NY,NY,Rochester,Rochester,Monroe County,30632,30667,30725,30814,31160,31525,31899,31889,31825,31831,32196,32502,32740,32743,32766,32863
273703,2608,Far West-Side,Neighborhood,NY,NY,Syracuse,Syracuse,Onondaga County,81530,81797,81487,82112,83200,84450,85567,86222,86921,87399,88122,88596,89059,89719,90862,91625
198048,2636,South Hill,Neighborhood,NY,NY,Town Of Ithaca,Ithaca,Tompkins County,237617,236925,236447,234370,232696,231171,230860,231019,232052,232927,232834,232701,233253,235353,237561,241002
343206,2659,Woodlawn,Neighborhood,NY,NY,New York,New York-Newark-Jersey City,Bronx County,262260,262725,264537,263929,261575,259906,261255,263513,265655,268577,270166,272853,274290,277450,278950,283120
343907,2713,East Avenue,Neighborhood,NY,NY,Rochester,Rochester,Monroe County,265819,268036,270251,271612,273768,275446,276141,276517,276767,277606,278766,280760,282073,283601,285063,287866
342679,2717,West Hill,Neighborhood,NY,NY,Albany,Albany-Schenectady-Troy,Albany County,70782,72452,74307,74760,75383,75395,76639,77496,78094,78381,79134,79809,79747,79221,78501,79068
34741,2759,West Glens Falls,Neighborhood,NY,NY,Town Of Queensbury,Glens Falls,Warren County,174154,174832,175502,176932,177515,178304,177586,177289,176946,177373,177147,176830,176793,177068,177529,177133
18799,2776,Katonah,Neighborhood,NY,NY,Town of Bedford,New York-Newark-Jersey City,Westchester County,722129,712748,712064,713551,715573,715936,717172,719144,718982,717443,716726,718798,722728,726518,727144,728615
270935,2788,South Park,Neighborhood,NY,NY,Buffalo,Buffalo-Cheektowaga-Niagara Falls,Erie County,126688,127706,129294,131018,132689,133768,134930,136255,137258,137540,138040,139013,140504,141562,142023,142227
396701,2801,Great Neck Plaza,Neighborhood,NY,NY,Great Neck,New York-Newark-Jersey City,Nassau County,758296,753859,759975,760135,759119,744837,737373,729783,722885,713717,705165,701365,704786,708362,707011,710137
196620,2810,New Springville,Neighborhood,NY,NY,New York,New York-Newark-Jersey City,Richmond County,604440,603212,600414,596962,593130,590987,590591,589574,588205,585808,583576,582122,581945,582550,584523,587565
399420,2816,Bellevue,Neighborhood,NY,NY,Schenectady,Albany-Schenectady-Troy,Schenectady County,104433,105845,107283,107864,108111,108055,108640,108842,109711,110519,111760,113798,115345,116522,117372,118705
276596,2824,Strathmore,Neighborhood,NY,NY,Syracuse,Syracuse,Onondaga County,122751,122329,121902,122175,122739,123537,124039,124695,125248,125634,126021,126648,127653,128789,130068,130929
29048,2833,New Square,Neighborhood,NY,NY,Ramapo,New York-Newark-Jersey City,Rockland County,440862,444254,445813,447110,448151,451284,452833,455596,456165,455192,452605,451695,450762,451406,455019,458322
196583,2849,New Brighton,Neighborhood,NY,NY,New York,New York-Newark-Jersey City,Richmond County,462326,462002,455483,450828,447166,447005,445572,445574,445079,445860,445854,445182,444798,445822,449481,453082
395439,2911,Carmel Hamlet,Neighborhood,NY,NY,Town Of Carmel,New York-Newark-Jersey City,Putnam County,375710,375031,375537,376651,378991,380378,381885,383453,385151,385005,384571,383157,382071,381262,380513,377370
274648,2924,Near Westside,Neighborhood,NY,NY,Syracuse,Syracuse,Onondaga County,41282,40710,40377,41132,42238,43228,43792,44228,44553,44672,44633,44548,44714,45005,44864,43780
764315,2943,Old Niskayuna,Neighborhood,NY,NY,Town of Niskayuna,Albany-Schenectady-Troy,Schenectady County,222397,223147,224046,223652,222390,221423,220727,220601,220645,220637,220664,221394,221569,221384,220344,219667
272972,3031,Black Rock,Neighborhood,NY,NY,Buffalo,Buffalo-Cheektowaga-Niagara Falls,Erie County,66994,66898,67334,67295,67548,67685,67801,68280,68542,68689,68289,68693,69139,69782,69771,70139
196156,3073,Manhattan Beach,Neighborhood,NY,NY,New York,New York-Newark-Jersey City,Kings County,1190684,1196085,1194488,1196519,1192602,1191736,1186918,1187935,1189190,1192506,1188385,1180421,1172276,1162493,1156432,1151914
198154,3077,Springs,Neighborhood,NY,NY,East Hampton,New York-Newark-Jersey City,Suffolk County,851669,840458,835381,827553,818485,811512,798755,792488,780168,777735,769610,770631,773571,780800,785079,788729
6158,3085,New Hempstead,Neighborhood,NY,NY,Ramapo,New York-Newark-Jersey City,Rockland County,555753,555648,553432,552310,550615,548490,546301,544849,544465,543962,542571,540172,537965,536424,536197,535052
9545,3111,Westmere,Neighborhood,NY,NY,Guilderland,Albany-Schenectady-Troy,Albany County,236541,238655,239864,240225,239530,238844,238485,237648,236473,235808,236610,237426,237375,235860,234749,234240
270854,3114,Holliswood,Neighborhood,NY,NY,New York,New York-Newark-Jersey City,Queens County,320879,316246,313541,312368,311116,310281,310242,309158,308209,308124,309149,311689,316558,322320,326859,330434
274757,3130,North Valley,Neighborhood,NY,NY,Syracuse,Syracuse,Onondaga County,63708,62944,63244,64154,65035,64714,64256,63895,63912,63964,64296,65153,66245,67355,67941,68117
270940,3140,Starin Central,Neighborhood,NY,NY,Buffalo,Buffalo-Cheektowaga-Niagara Falls,Erie County,237369,238599,241118,242090,243539,244079,245156,245959,246843,247616,248830,249998,251215,251943,251357,251292
273455,3143,Delaware-West Ferry,Neighborhood,NY,NY,Buffalo,Buffalo-Cheektowaga-Niagara Falls,Erie County,366511,367654,368698,370542,372234,374587,375259,375667,374344,373176,373265,373226,373320,371718,369028,366096
198432,3153,Tompkinsville,Neighborhood,NY,NY,New York,New York-Newark-Jersey City,Richmond County,493470,494927,493776,491792,488261,486669,485597,485893,487271,488855,489949,489730,487817,485975,484917,485526
270807,3177,Bryant,Neighborhood,NY,NY,Buffalo,Buffalo-Cheektowaga-Niagara Falls,Erie County,340101,342242,345183,347473,350148,352560,354119,355047,354700,354198,355010,355150,356524,356475,355308,353207
343879,3180,Highland,Neighborhood,NY,NY,Rochester,Rochester,Monroe County,161167,162466,163244,164185,164529,164723,164558,165275,166492,167721,168605,169350,169993,170877,172460,174232
199080,3202,Woodrow,Neighborhood,NY,NY,New York,New York-Newark-Jersey City,Richmond County,624301,624169,621265,619014,617277,617280,617307,617613,617805,616662,615208,614352,615068,616142,618661,621881
196591,3226,New Dorp,Neighborhood,NY,NY,New York,New York-Newark-Jersey City,Richmond County,646306,645360,642926,641419,638869,637553,636931,637817,637603,637029,636761,637158,638708,639980,642583,645753
276006,3244,Westerleigh,Neighborhood,NY,NY,New York,New York-Newark-Jersey City,Richmond County,569983,569341,567154,563878,560157,558350,558319,558417,558822,557776,555589,554424,553821,553362,553075,553351
396699,3256,South Valley Stream,Neighborhood,NY,NY,Valley Stream,New York-Newark-Jersey City,Nassau County,577804,579579,580359,581341,581195,579781,578285,577972,579282,579769,581818,583951,586624,587897,589635,591485
396693,3321,Lakeview,Neighborhood,NY,NY,West Hempstead,New York-Newark-Jersey City,Nassau County,478347,479280,479649,479547,479745,477708,475199,472438,470509,469591,468369,467552,467607,468194,469059,470500
42733,3329,Pelham Manor,Neighborhood,NY,NY,Pelham,New York-Newark-Jersey City,Westchester County,1000752,991145,989179,990578,997026,1002165,1004875,1006822,1007924,1007749,1007779,1010615,1014043,1019700,1021054,1021058
270813,3333,Cazenovia Park,Neighborhood,NY,NY,Buffalo,Buffalo-Cheektowaga-Niagara Falls,Erie County,105756,106048,107356,108876,110513,111884,112679,113152,113642,114322,115973,118150,120543,122055,122540,122885
270849,3334,Grider,Neighborhood,NY,NY,Buffalo,Buffalo-Cheektowaga-Niagara Falls,Erie County,45685,46794,47706,47847,47923,47991,48607,49405,50215,50819,51445,51900,52170,52023,51874,52247
194699,3405,Firthcliffe,Neighborhood,NY,NY,Town Of Cornwall,New York-Newark-Jersey City,Orange County,295054,296312,297091,297892,297678,297281,296745,296892,297465,298756,299284,299089,298563,297984,298094,298035
270955,3408,University,Neighborhood,NY,NY,Buffalo,Buffalo-Cheektowaga-Niagara Falls,Erie County,130821,131568,133097,135192,137570,139485,141087,142569,143201,143612,144037,144896,145892,146919,147622,148383
270869,3435,Leroy,Neighborhood,NY,NY,Buffalo,Buffalo-Cheektowaga-Niagara Falls,Erie County,51485,51444,51852,52443,53250,54003,54738,55653,56235,56189,55767,55893,56191,56488,56028,55090
275463,3441,South Valley,Neighborhood,NY,NY,Syracuse,Syracuse,Onondaga County,104259,103534,102701,102795,103558,104283,104663,105163,106014,106896,107220,107817,108529,110110,111890,113595
193952,3450,Colonial Heights,Neighborhood,NY,NY,Yonkers,New York-Newark-Jersey City,Westchester County,611835,609654,610320,613478,617540,623030,624911,628150,629077,629104,629483,631777,634751,638134,639713,639687
270895,3457,NoHo,Neighborhood,NY,NY,New York,New York-Newark-Jersey City,New York County,2206263,2235228,2228729,2178870,2126735,2094184,2076902,2050265,2019528,2001503,1994793,1984688,1958605,1931148,1930224,1953711
270844,3464,Gerritsen Beach,Neighborhood,NY,NY,New York,New York-Newark-Jersey City,Kings County,495506,497884,499931,504246,505354,506914,510098,512624,515868,517118,520550,522220,526686,529783,534456,538063
275709,3492,The Hill,Neighborhood,NY,NY,Troy,Albany-Schenectady-Troy,Rensselaer County,149799,149189,148584,148785,149215,149744,149854,149660,148750,147720,146920,146776,146751,147560,148741,149701
274481,3503,Meadowbrook,Neighborhood,NY,NY,Syracuse,Syracuse,Onondaga County,164452,164340,163143,162304,161899,161982,162113,162296,162625,163139,163415,163512,163482,164049,165514,167321
270796,3553,Astoria Heights,Neighborhood,NY,NY,New York,New York-Newark-Jersey City,Queens County,462937,463109,464674,464170,463426,462494,462795,463524,462487,461614,460360,460606,461710,461649,460372,459659
343886,3586,Northland-Lyceum,Neighborhood,NY,NY,Rochester,Rochester,Monroe County,86716,87166,87307,87502,88111,88919,88894,88689,88863,89290,89986,90661,91302,92270,93689,95246
274161,3598,Kaisertown,Neighborhood,NY,NY,Buffalo,Buffalo-Cheektowaga-Niagara Falls,Erie County,93733,94885,96488,97685,99108,100143,100847,101160,101481,101515,102389,103160,104150,104362,103961,103849
762885,3676,Eastside,Neighborhood,NY,NY,Troy,Albany-Schenectady-Troy,Rensselaer County,172172,171923,171743,171498,171980,172445,172897,172885,173218,173792,174215,174746,174837,175894,177248,179265
10329,3694,Belle Harbor,Neighborhood,NY,NY,New York,New York-Newark-Jersey City,Queens County,948737,952764,959571,961247,960628,956621,954820,950971,948355,948065,950483,953277,952345,951581,949671,950919
270950,3745,Todt Hill,Neighborhood,NY,NY,New York,New York-Newark-Jersey City,Richmond County,1209769,1210476,1207382,1203689,1201227,1202200,1201733,1201434,1201220,1199149,1197064,1193490,1190671,1189002,1189960,1193868
343904,3775,N. Marketview Heights,Neighborhood,NY,NY,Rochester,Rochester,Monroe County,35585,35835,35935,36155,36718,37231,37518,37714,38091,38535,39235,39719,39865,39962,40254,40775
275808,3809,University,Neighborhood,NY,NY,Syracuse,Syracuse,Onondaga County,157464,157201,156496,156549,156834,157684,158610,159612,161007,161942,162150,162133,162077,162621,163807,165191
342695,3823,Buckingham Lake - Crestwood,Neighborhood,NY,NY,Albany,Albany-Schenectady-Troy,Albany County,223342,225038,226171,226807,227102,227558,228414,228508,228450,228343,229700,230706,230801,229611,228281,227432
275276,3878,Salt Springs,Neighborhood,NY,NY,Syracuse,Syracuse,Onondaga County,94090,94367,94308,94901,95691,96636,97255,97892,98403,99057,99679,100545,101411,102424,103693,104879
270842,3929,Garment District,Neighborhood,NY,NY,New York,New York-Newark-Jersey City,New York County,1089480,1090231,1084418,1077621,1073580,1074860,1075634,1073485,1069087,1066840,1065020,1065087,1067611,1068459,1073685,1079162
270966,3972,Willert Park,Neighborhood,NY,NY,Buffalo,Buffalo-Cheektowaga-Niagara Falls,Erie County,131348,132637,133694,134418,134991,136125,137243,138552,139682,140988,143370,145520,147233,148068,148993,150236
270917,3991,Randall Manor,Neighborhood,NY,NY,New York,New York-Newark-Jersey City,Richmond County,650761,649087,644292,636814,631406,628210,626773,625197,624580,624950,622911,619873,616952,617386,619233,624845
270834,4044,Fieldston,Neighborhood,NY,NY,New York,New York-Newark-Jersey City,Bronx County,473445,477313,485868,492835,498397,504495,508028,510923,512297,517691,521035,525587,525286,525785,518878,514548
274929,4069,Outer Comstock,Neighborhood,NY,NY,Syracuse,Syracuse,Onondaga County,107973,107879,107315,107699,108203,108672,109097,109822,110819,111668,112306,112796,113572,114641,115975,117131
195024,4069,Glenwood,Neighborhood,NY,NY,Yonkers,New York-Newark-Jersey City,Westchester County,399101,397249,397388,400618,404611,410122,415669,418321,421390,423849,428953,432784,437714,443132,447585,448919
403219,4094,Columbia Street Waterfront District,Neighborhood,NY,NY,New York,New York-Newark-Jersey City,Kings County,1023698,1024248,1027729,1029929,1029866,1029042,1027880,1023555,1022571,1023774,1025799,1026692,1029481,1032755,1035214,1037837
343884,4143,Genesee - Jefferson,Neighborhood,NY,NY,Rochester,Rochester,Monroe County,56242,56810,56911,57278,57431,57544,57857,57791,58039,58161,58557,58792,59276,59231,59232,59159
275495,4156,Southwest,Neighborhood,NY,NY,Syracuse,Syracuse,Onondaga County,45970,45217,45090,45466,46109,46470,46515,46597,46639,46796,46941,47287,48023,49196,50060,50755
343888,4174,Central Business District,Neighborhood,NY,NY,Rochester,Rochester,Monroe County,309382,312327,314648,316262,317971,318669,318310,317971,320114,322778,326556,329214,331059,333377,336526,341580
343911,4209,Strong,Neighborhood,NY,NY,Rochester,Rochester,Monroe County,177740,179091,180336,181596,182953,184158,185001,186413,187909,189727,191041,192441,193388,194498,195991,197902
270887,4282,Military,Neighborhood,NY,NY,Buffalo,Buffalo-Cheektowaga-Niagara Falls,Erie County,104500,104198,105623,106771,108835,110146,111506,112537,112794,113154,113290,113956,114875,116092,116277,116301
195904,4310,Lawrence Park,Neighborhood,NY,NY,Yonkers,New York-Newark-Jersey City,Westchester County,638302,638125,637849,630967,625181,621265,621562,620776,618136,614562,609223,607566,600623,596592,590542,588613
7536,4392,University Gardens,Neighborhood,NY,NY,Great Neck,New York-Newark-Jersey City,Nassau County,939903,937905,935347,932548,925877,918824,913482,912077,910428,908015,904679,901582,899308,896335,894225,893212
270843,4405,Genesee Moselle,Neighborhood,NY,NY,Buffalo,Buffalo-Cheektowaga-Niagara Falls,Erie County,35989,36297,36690,36699,36332,35935,35918,36032,36248,36611,37069,37617,38194,38921,39780,41005
760940,4541,Downtown,Neighborhood,NY,NY,Schenectady,Albany-Schenectady-Troy,Schenectady County,107114,108446,110816,111072,110327,109327,110038,110029,109944,109026,109305,110408,111280,110563,108872,108602
193708,4572,Cayuga Heights,Neighborhood,NY,NY,Town Of Ithaca,Ithaca,Tompkins County,393801,392220,390996,389552,388934,388654,388639,389320,391469,393708,394597,395248,396426,399773,403150,407081
343207,4653,City Island,Neighborhood,NY,NY,New York,New York-Newark-Jersey City,Bronx County,527166,530108,533838,536170,538953,541501,544944,544850,543614,543868,542000,541179,537772,534722,529271,523509
343894,4710,Ellwanger-Barry,Neighborhood,NY,NY,Rochester,Rochester,Monroe County,154496,155455,156422,157356,158338,159258,159590,160317,160811,161746,162854,163960,164933,165868,167011,168506
343891,4712,Homestead Heights,Neighborhood,NY,NY,Rochester,Rochester,Monroe County,82662,83657,84781,85301,86243,87273,87885,88343,88629,89257,90188,91122,91552,92390,93340,94815
194257,4763,Dongan Hills,Neighborhood,NY,NY,New York,New York-Newark-Jersey City,Richmond County,556000,554823,553131,551836,550684,550715,550197,550108,549825,549271,547597,547107,546825,547633,547969,549301
396086,4777,East Hampton North,Neighborhood,NY,NY,East Hampton,New York-Newark-Jersey City,Suffolk County,2103245,2109625,2118079,2120023,2108249,2091103,2080405,2077982,2067263,2064573,2056412,2057586,2057733,2062386,2067329,2081083
275775,4804,Triangle,Neighborhood,NY,NY,Buffalo,Buffalo-Cheektowaga-Niagara Falls,Erie County,84304,85242,86687,88631,90777,92381,94054,95482,97121,98111,99998,101668,103813,104880,105458,105710
197294,4810,Port Ivory,Neighborhood,NY,NY,New York,New York-Newark-Jersey City,Richmond County,327170,326779,326461,326469,326052,327346,328399,329567,329647,329819,328901,327512,326816,326148,325433,323507
193292,4832,Bergen Beach,Neighborhood,NY,NY,New York,New York-Newark-Jersey City,Kings County,829718,825891,826636,828985,829655,827407,827094,822911,817375,813899,811824,814118,814940,815694,813454,812098
195355,4851,Heritage Hills,Neighborhood,NY,NY,Town Of Somers,New York-Newark-Jersey City,Westchester County,414161,411170,410021,409748,412229,415565,417579,419486,420798,420545,419823,420475,421467,424257,426304,428169
194843,4936,Frear Park,Neighborhood,NY,NY,Troy,Albany-Schenectady-Troy,Rensselaer County,175629,174617,173461,172958,173198,174276,174881,175018,174889,174770,175091,175812,176405,177580,179065,180620
270838,5031,Forest Hills Gardens,Neighborhood,NY,NY,New York,New York-Newark-Jersey City,Queens County,1668457,1658856,1657201,1656302,1654379,1644739,1637787,1632182,1629488,1630337,1631662,1639335,1651312,1665024,1671263,1678518
194298,5044,Dunwoodie,Neighborhood,NY,NY,Yonkers,New York-Newark-Jersey City,Westchester County,503825,499550,497223,497508,501223,505853,508404,510021,510298,508901,507303,507811,509530,513602,516413,517548
196091,5094,Ludlow Park,Neighborhood,NY,NY,Yonkers,New York-Newark-Jersey City,Westchester County,508294,507197,510319,516029,520166,523346,524331,528417,529970,531981,530574,531864,532627,534929,535412,534895
270930,5154,South Abbott,Neighborhood,NY,NY,Buffalo,Buffalo-Cheektowaga-Niagara Falls,Erie County,155332,156767,158075,158767,159640,160618,161927,162557,163292,163843,165062,165938,166733,166778,166684,166894
275390,5187,Skytop-South Campus,Neighborhood,NY,NY,Syracuse,Syracuse,Onondaga County,152426,152405,151514,151147,151454,152216,153010,153788,154789,156244,157011,157667,157463,158096,159524,161239
39254,5232,Kings Point,Neighborhood,NY,NY,Great Neck,New York-Newark-Jersey City,Nassau County,2707841,2706171,2699679,2694667,2677375,2664051,2653802,2649473,2635908,2621933,2616984,2608517,2603733,2588950,2581921,2575014
342681,5267,New Scotland,Neighborhood,NY,NY,Albany,Albany-Schenectady-Troy,Albany County,199859,200895,201805,202858,203358,203485,203931,204096,204235,203930,204741,205353,205544,204573,203412,202337
762886,5277,Downtown,Neighborhood,NY,NY,Troy,Albany-Schenectady-Troy,Rensselaer County,187894,187784,186972,186459,186267,187620,187995,188041,188328,190312,193289,196163,198142,199570,201823,205266
16206,5292,South Nyack,Neighborhood,NY,NY,Orangetown,New York-Newark-Jersey City,Rockland County,560140,561019,562192,560967,557323,555118,553970,553644,553271,547179,540814,536622,534662,534011,532584,531688
274254,5296,Lakeview,Neighborhood,NY,NY,Buffalo,Buffalo-Cheektowaga-Niagara Falls,Erie County,145693,146222,146650,148769,151550,153436,153888,154041,154355,156494,158685,159564,160409,161134,161462,160291
343912,5363,South Wedge,Neighborhood,NY,NY,Rochester,Rochester,Monroe County,131063,131243,131365,132053,132692,133338,133437,133983,134572,134780,135147,135629,136972,138668,140728,142387
343883,5414,Plymouth - Exchange,Neighborhood,NY,NY,Rochester,Rochester,Monroe County,41203,42096,42516,42927,42946,43271,43351,43563,44070,44731,45289,45546,45623,45775,46452,47345
403198,5498,Richmond Valley,Neighborhood,NY,NY,New York,New York-Newark-Jersey City,Richmond County,719710,721628,721914,717725,712341,707289,705111,704001,703083,702613,702450,701930,700618,699486,700387,705147
343906,5522,S. Marketview Heights,Neighborhood,NY,NY,Rochester,Rochester,Monroe County,39508,39909,40120,40570,41251,41822,42052,41978,41983,41974,42350,42709,42925,42891,43121,43330
38781,5556,Great Neck Estates,Neighborhood,NY,NY,Great Neck,New York-Newark-Jersey City,Nassau County,1614051,1613066,1611607,1604185,1593576,1579477,1568576,1559515,1552616,1545555,1544359,1542346,1544694,1543480,1544703,1552304
270841,5608,DUMBO,Neighborhood,NY,NY,New York,New York-Newark-Jersey City,Kings County,1646967,1644356,1640884,1638741,1630572,1622846,1618556,1613983,1608037,1600838,1590971,1580166,1571755,1565543,1561738,1558771
270906,5615,Park Meadow,Neighborhood,NY,NY,Buffalo,Buffalo-Cheektowaga-Niagara Falls,Erie County,426082,427415,430283,431661,434888,437493,439749,440287,439599,438870,439852,441224,443423,444674,443420,442302
343900,5630,Dutchtown,Neighborhood,NY,NY,Rochester,Rochester,Monroe County,36754,36902,37091,37263,37170,36840,36667,36551,36497,36509,36777,37114,37650,38035,38459,38981
343892,5634,Browncroft,Neighborhood,NY,NY,Rochester,Rochester,Monroe County,159990,161299,162116,162958,164003,165261,165679,166099,166214,166782,167610,168445,169239,170162,171457,173118
762884,5634,South Central,Neighborhood,NY,NY,Troy,Albany-Schenectady-Troy,Rensselaer County,122303,121643,122182,122754,123550,123994,124325,124832,125744,127355,129593,132354,134503,136060,137483,139276
396787,5684,Northeast Ithaca,Neighborhood,NY,NY,Town Of Ithaca,Ithaca,Tompkins County,285987,284869,284034,282283,281146,280192,279910,280117,281430,282899,283554,284048,284954,287393,289859,293204
6687,5689,Ravena,Neighborhood,NY,NY,Town of Coeymans,Albany-Schenectady-Troy,Albany County,168642,170230,171016,171892,172028,172539,172862,173153,172765,172988,173723,174468,174740,173815,173182,172549
276644,5695,Wescott,Neighborhood,NY,NY,Syracuse,Syracuse,Onondaga County,152257,152098,151902,152010,151831,152003,151928,153109,154633,156383,157487,158571,159143,160114,161473,163073
197231,5718,Pleasant Plains,Neighborhood,NY,NY,New York,New York-Newark-Jersey City,Richmond County,642103,641602,638785,635585,632306,630323,629357,628682,628285,627143,626552,625700,625647,625381,626570,628683
194086,5764,Crestwood,Neighborhood,NY,NY,Yonkers,New York-Newark-Jersey City,Westchester County,653972,648722,646700,649516,654366,659991,661205,664265,664664,663587,662784,664258,667864,671535,673878,673457
198296,5773,Sunnyside,Neighborhood,NY,NY,New York,New York-Newark-Jersey City,Richmond County,641745,640550,639023,635824,631012,627782,626549,625167,623624,623309,622941,624354,625538,628204,630847,635441
272750,5782,Allen,Neighborhood,NY,NY,Buffalo,Buffalo-Cheektowaga-Niagara Falls,Erie County,252384,255119,256668,256776,256907,257580,257206,257093,255954,256322,257635,257754,258276,258212,258393,258412
342682,5784,Helderberg,Neighborhood,NY,NY,Albany,Albany-Schenectady-Troy,Albany County,189154,189553,190247,190662,190980,190612,190820,190892,190704,189899,189951,190155,190039,189253,188011,187110
270798,5812,Babcock,Neighborhood,NY,NY,Buffalo,Buffalo-Cheektowaga-Niagara Falls,Erie County,41226,40752,41036,40969,41434,41811,42244,42283,41794,41150,40958,41310,41925,42070,41766,41628
37557,5880,Breezy Point,Neighborhood,NY,NY,New York,New York-Newark-Jersey City,Queens County,383981,382516,379489,379336,380501,384414,386176,388483,391342,394732,398403,402773,407581,413592,421134,427897
270866,5904,Kingsley,Neighborhood,NY,NY,Buffalo,Buffalo-Cheektowaga-Niagara Falls,Erie County,47175,48444,49262,49981,50411,50621,50413,50073,50036,50325,50308,49801,49071,48176,47283,46313
25477,5973,Lake Success,Neighborhood,NY,NY,Great Neck,New York-Newark-Jersey City,Nassau County,1457889,1458341,1459621,1455719,1451611,1446845,1443055,1439474,1433272,1427107,1424447,1425597,1426687,1426471,1426070,1431213
270890,5978,MLK Park,Neighborhood,NY,NY,Buffalo,Buffalo-Cheektowaga-Niagara Falls,Erie County,38177,38701,39255,39493,39647,39734,40029,40334,40621,41097,41709,42242,42453,42432,42414,42576
196592,5990,New Dorp Beach,Neighborhood,NY,NY,New York,New York-Newark-Jersey City,Richmond County,532300,533222,532698,531356,527951,525821,524774,524346,523504,521219,518901,518236,518938,518051,517089,517759
343878,5992,Pearl-Meigs-Monroe,Neighborhood,NY,NY,Rochester,Rochester,Monroe County,127817,127468,126903,127396,128114,129020,129379,130387,130697,130928,131081,131553,132681,134278,136434,138035
342677,6017,Arbor Hill,Neighborhood,NY,NY,Albany,Albany-Schenectady-Troy,Albany County,79424,79943,81587,82910,83901,83942,84370,85237,86597,88609,90264,91686,92049,92317,91571,91247
194566,6042,Elm Park,Neighborhood,NY,NY,New York,New York-Newark-Jersey City,Richmond County,404989,405439,404675,403588,402676,402321,400332,398403,395584,393962,392626,391663,390512,389400,389009,389057
270794,6058,Albright,Neighborhood,NY,NY,Buffalo,Buffalo-Cheektowaga-Niagara Falls,Erie County,507017,508447,512429,514581,519489,523152,526403,527235,527074,527230,528824,530435,532232,533239,532402,531094
274643,6152,Near Eastside,Neighborhood,NY,NY,Syracuse,Syracuse,Onondaga County,102435,104787,106658,106372,105770,105644,106007,105990,105160,105020,104455,103806,101949,100731,99395,98988
23850,6172,Brookville,Neighborhood,NY,NY,Glen Head,New York-Newark-Jersey City,Nassau County,2194286,2196776,2195494,2185260,2170192,2155192,2144433,2133294,2122567,2113835,2114856,2116851,2118802,2119217,2121743,2132871
342689,6297,Central Avenue,Neighborhood,NY,NY,Albany,Albany-Schenectady-Troy,Albany County,119702,121747,122949,122867,121909,120512,119859,119467,119463,119838,120308,120092,119074,117255,115888,115354
270927,6345,Seneca,Neighborhood,NY,NY,Buffalo,Buffalo-Cheektowaga-Niagara Falls,Erie County,107279,108537,110334,112073,113593,114379,115139,115892,116904,117547,118737,119988,121607,122516,122873,123342
196835,6460,Northwest Harbor,Neighborhood,NY,NY,East Hampton,New York-Newark-Jersey City,Suffolk County,1521509,1503836,1497478,1492326,1483341,1468703,1461510,1459449,1449959,1450446,1444701,1445086,1439274,1439952,1431523,1424895
196556,6508,Nassau Shores,Neighborhood,NY,NY,Massapequa,New York-Newark-Jersey City,Nassau County,584827,585256,585163,586154,585379,585463,585138,586055,587771,589535,592139,593780,595919,596936,597877,598608
276034,6527,Westside,Neighborhood,NY,NY,Syracuse,Syracuse,Onondaga County,49033,48262,47740,48059,48781,49134,48949,48672,48825,49354,49949,50411,51225,52174,53204,53582
193879,6550,Clifton,Neighborhood,NY,NY,New York,New York-Newark-Jersey City,Richmond County,518620,518220,513427,508329,501686,499904,498350,497450,497718,496846,496092,493678,491481,489498,489167,490407
403130,6569,Bloomfield,Neighborhood,NY,NY,New York,New York-Newark-Jersey City,Richmond County,618714,621706,617790,607632,599601,595251,596351,598981,598231,597306,596320,597550,598636,603479,612595,628269
196532,6629,Munsey Park,Neighborhood,NY,NY,Manhasset,New York-Newark-Jersey City,Nassau County,1839368,1842722,1839854,1837913,1825835,1819736,1810643,1809013,1805707,1798481,1794676,1790303,1788388,1782547,1778295,1773850
195690,6654,Kaser,Neighborhood,NY,NY,Ramapo,New York-Newark-Jersey City,Rockland County,758738,754688,750295,743986,736225,729067,726062,725790,726075,725810,726741,728822,731089,733730,737333,745520
760941,6707,Eastern Avenue,Neighborhood,NY,NY,Schenectady,Albany-Schenectady-Troy,Schenectady County,103524,103903,104819,105548,105937,106983,107546,108306,108579,109489,111130,113428,116080,117923,119730,121963
273487,6827,Downtown,Neighborhood,NY,NY,Syracuse,Syracuse,Onondaga County,213254,212796,212350,212682,213382,214214,213338,213396,213413,215277,215987,216222,215900,216411,217666,218527
764267,6844,Hudson-Park,Neighborhood,NY,NY,Albany,Albany-Schenectady-Troy,Albany County,196675,197773,199019,200782,200030,198933,197360,196444,195514,194168,193990,194087,194168,193700,192809,191964
273335,6859,Columbus,Neighborhood,NY,NY,Buffalo,Buffalo-Cheektowaga-Niagara Falls,Erie County,210030,211931,212002,213490,215374,217331,218196,218021,217137,217063,218714,218890,219038,218531,218787,217447
343899,6902,Charles House Area Council,Neighborhood,NY,NY,Rochester,Rochester,Monroe County,30692,31272,31787,32090,32308,32442,32620,32479,32420,32512,32781,32525,31928,31241,30719,30418
197300,6937,Port Morris,Neighborhood,NY,NY,New York,New York-Newark-Jersey City,Bronx County,571017,563654,554761,552973,552242,555088,556450,558755,555696,556647,553388,553976,557369,568723,579484,583811
274979,6942,Parkside,Neighborhood,NY,NY,Buffalo,Buffalo-Cheektowaga-Niagara Falls,Erie County,295252,295712,298199,298318,298536,297716,299774,302052,303227,303957,305187,307266,309642,312467,313977,316182
27406,6966,Thomaston,Neighborhood,NY,NY,Great Neck,New York-Newark-Jersey City,Nassau County,1112019,1107628,1103199,1097577,1088854,1077876,1069197,1062540,1057882,1054242,1050467,1047972,1044441,1041747,1040063,1039617
342693,6968,South End,Neighborhood,NY,NY,Albany,Albany-Schenectady-Troy,Albany County,85729,85064,84307,84158,84109,84039,84324,84307,84070,83664,83880,84186,84987,85592,86204,86686
270883,7009,Masten Park,Neighborhood,NY,NY,Buffalo,Buffalo-Cheektowaga-Niagara Falls,Erie County,62333,62039,61698,61193,60720,60043,59609,59430,59354,59362,59497,59607,59966,60499,61155,61916
270932,7011,South Ellicott,Neighborhood,NY,NY,Buffalo,Buffalo-Cheektowaga-Niagara Falls,Erie County,64474,64235,65021,66116,66358,65699,64917,64609,64792,64674,64691,65188,66240,66536,66155,65814
343896,7013,Mayor's Heights,Neighborhood,NY,NY,Rochester,Rochester,Monroe County,44626,45200,45589,45757,45851,45866,46170,46453,46980,47429,48329,48855,49236,49452,49561,49787
194570,7037,Elma Center,Neighborhood,NY,NY,Town Of Elma,Buffalo-Cheektowaga-Niagara Falls,Erie County,272386,273665,275473,276588,278577,280380,281889,282751,283233,283585,284722,285513,285679,285254,283948,282809
342698,7086,Melrose,Neighborhood,NY,NY,Albany,Albany-Schenectady-Troy,Albany County,200431,201716,202345,202960,202635,202506,202773,202233,202065,201789,203238,204243,205066,204410,204315,204281
270914,7096,Prospect Park South,Neighborhood,NY,NY,New York,New York-Newark-Jersey City,Kings County,2343301,2360843,2356317,2344336,2319792,2319588,2320244,2318132,2312458,2310790,2310157,2311283,2304936,2298889,2313469,2331438
23600,7122,Barnum Island,Neighborhood,NY,NY,Island Park,New York-Newark-Jersey City,Nassau County,535977,535570,536526,536679,537560,535272,533961,532990,534041,534040,534215,535612,537356,540068,541829,544325
343901,7156,United Neighbors Together,Neighborhood,NY,NY,Rochester,Rochester,Monroe County,61447,61491,61875,62810,63817,64455,64784,65131,65927,67063,68342,69972,71312,72860,74260,75668
343889,7176,Corn Hill,Neighborhood,NY,NY,Rochester,Rochester,Monroe County,154336,154942,156931,158707,161547,162522,163071,162677,162929,164089,165383,166767,167915,169346,170087,171326
276623,7305,Utopia,Neighborhood,NY,NY,New York,New York-Newark-Jersey City,Queens County,972088,972986,976758,976966,976597,972778,971861,970574,969191,969856,969767,971550,972634,972042,968245,966224
46876,7397,Old Brookville,Neighborhood,NY,NY,Glen Head,New York-Newark-Jersey City,Nassau County,1966277,1960483,1955844,1946245,1938578,1929646,1925620,1920562,1914296,1906782,1898608,1893335,1890149,1892794,1895251,1903259
276474,7432,North Delaware,Neighborhood,NY,NY,Buffalo,Buffalo-Cheektowaga-Niagara Falls,Erie County,142577,143886,145600,146344,147577,148020,148849,149280,149997,150769,151538,151924,152188,152363,152271,152046
193186,7530,Bay Park,Neighborhood,NY,NY,East Rockaway,New York-Newark-Jersey City,Nassau County,433236,434270,435111,435559,435679,438443,442024,446544,447795,448627,449819,451386,453965,456398,458725,461092
270809,7539,Butler Manor,Neighborhood,NY,NY,New York,New York-Newark-Jersey City,Richmond County,838540,840687,840064,839529,835549,833294,831172,831330,831469,831595,830778,829483,828646,827259,827576,829314
275385,7654,Skunk City,Neighborhood,NY,NY,Syracuse,Syracuse,Onondaga County,44694,44359,44293,44556,44675,44255,43886,43496,43491,43481,43394,43203,43206,43462,43585,43665
342688,7684,Whitehall,Neighborhood,NY,NY,Albany,Albany-Schenectady-Troy,Albany County,184884,185945,187068,187985,188787,189040,189835,190398,190760,190819,191213,191438,190879,189528,187747,186119
275325,7768,Sedgwick,Neighborhood,NY,NY,Syracuse,Syracuse,Onondaga County,175514,174693,173406,172552,172243,171819,171570,171904,172461,173270,173725,174023,173883,174673,176041,177484
272982,7810,Chelsea-Travis,Neighborhood,NY,NY,New York,New York-Newark-Jersey City,Richmond County,523120,521734,520081,517443,515143,513213,512836,511881,509762,506757,503846,502534,502374,503848,506165,509671
273205,7871,Central Park,Neighborhood,NY,NY,New York,New York-Newark-Jersey City,New York County,1673225,1689180,1699029,1703971,1701563,1723657,1738366,1745933,1734909,1723410,1730956,1740880,1741523,1725429,1718298,1714272
7349,7894,Sycaway,Neighborhood,NY,NY,Troy,Albany-Schenectady-Troy,Rensselaer County,171900,171673,171561,171028,170996,171497,171878,171895,171419,170973,170912,171630,171670,172212,173129,174791
193231,8043,Beech Hill,Neighborhood,NY,NY,Yonkers,New York-Newark-Jersey City,Westchester County,688368,683419,682441,687092,692940,699456,700944,704444,705459,705038,703981,705921,710139,715407,718037,717947
274314,8132,Lincoln Park,Neighborhood,NY,NY,Syracuse,Syracuse,Onondaga County,84696,85059,84868,85015,85185,85625,85875,85930,86191,86884,87552,88156,88540,89308,89872,90574
270884,8137,Fruit Belt,Neighborhood,NY,NY,Buffalo,Buffalo-Cheektowaga-Niagara Falls,Erie County,37553,37883,38588,38925,38982,39050,39062,38784,38451,38401,38551,38857,38881,38708,38357,38207
27515,8200,Upper Nyack,Neighborhood,NY,NY,Town Of Clarkstown,New York-Newark-Jersey City,Rockland County,594534,596368,595560,592403,587806,584267,581461,579719,579841,577158,574970,572098,569118,567863,568593,571970
273635,8352,Emerson,Neighborhood,NY,NY,Buffalo,Buffalo-Cheektowaga-Niagara Falls,Erie County,38397,39004,39009,38823,38697,38600,38309,37913,37506,37429,37819,38135,38120,37882,37887,38167
10562,8387,Broad Channel,Neighborhood,NY,NY,New York,New York-Newark-Jersey City,Queens County,423972,424716,425093,426237,428531,428422,429914,430820,433032,431970,430221,429727,432349,437372,441930,446290
198622,8415,Village of the Branch,Neighborhood,NY,NY,Smithtown,New York-Newark-Jersey City,Suffolk County,545572,541946,542850,545659,548345,548221,546464,546002,546665,546519,546499,548138,551231,556659,560185,562156
195317,8448,Haviland,Neighborhood,NY,NY,Hyde Park,New York-Newark-Jersey City,Dutchess County,231578,234763,235281,235076,234749,235697,237151,238390,239513,240973,242177,242713,242359,241581,242221,243200
276322,8507,Elmwood,Neighborhood,NY,NY,Syracuse,Syracuse,Onondaga County,66352,65450,65617,66740,67936,68410,68913,69491,70451,70801,71066,71694,72536,73722,74474,74845
403200,8524,Silver Lake,Neighborhood,NY,NY,New York,New York-Newark-Jersey City,Richmond County,726121,724232,720834,716874,711656,708810,707121,704707,703307,702108,701938,701996,702564,703157,704080,706238
23171,8565,Crugers,Neighborhood,NY,NY,Croton-on-Hudson,New York-Newark-Jersey City,Westchester County,478125,477749,478732,479152,479328,480522,481520,483867,484630,483591,481277,481054,480089,479011,477007,476956
343893,8616,Swillburg,Neighborhood,NY,NY,Rochester,Rochester,Monroe County,121796,122368,123257,124459,125706,126553,126811,127708,128195,128992,129821,130805,131745,132634,133611,134483
276292,8660,Delaware Park,Neighborhood,NY,NY,Buffalo,Buffalo-Cheektowaga-Niagara Falls,Erie County,301132,300540,302646,303482,304629,304717,306192,306851,306579,306863,308371,309986,311939,313865,314295,315068
342676,8802,North Albany - Shaker Park,Neighborhood,NY,NY,Albany,Albany-Schenectady-Troy,Albany County,134899,136073,137752,138541,139192,139332,139938,140763,141286,142286,143100,144333,145128,145391,145359,145800
43784,8864,Aquebogue,Neighborhood,NY,NY,Riverhead,New York-Newark-Jersey City,Suffolk County,440405,443002,446491,447168,445300,443593,441971,441539,441331,441910,441941,443235,442995,443452,444209,446266
343903,8967,Atlantic-University,Neighborhood,NY,NY,Rochester,Rochester,Monroe County,139869,140799,140834,142091,143568,144437,144085,144343,144882,146192,147593,148214,149665,151044,153583,156010
13814,9004,Shenorock,Neighborhood,NY,NY,Town Of Somers,New York-Newark-Jersey City,Westchester County,411489,410105,410427,411603,413865,416119,418166,420829,422917,423579,423464,424806,426047,428364,429615,431981
37106,9045,Altamont,Neighborhood,NY,NY,Guilderland,Albany-Schenectady-Troy,Albany County,250928,253027,254954,255593,254256,252383,251391,250216,249355,248777,249236,250008,250291,249017,247386,247334
194408,9167,East Ithaca,Neighborhood,NY,NY,Town Of Ithaca,Ithaca,Tompkins County,233556,232850,232301,230176,228493,226941,226684,226850,227848,228749,228953,229101,229703,231699,233816,237164
270836,9200,First Ward,Neighborhood,NY,NY,Buffalo,Buffalo-Cheektowaga-Niagara Falls,Erie County,58097,58605,58652,58748,58698,58882,59161,59206,59107,58845,58993,59367,59960,60167,60352,60289
194810,9338,Fort Wadsworth,Neighborhood,NY,NY,New York,New York-Newark-Jersey City,Richmond County,582588,580917,581803,584451,587386,590624,589251,587338,586615,587835,587642,588474,586877,585046,582636,582787
342684,9358,Park South,Neighborhood,NY,NY,Albany,Albany-Schenectady-Troy,Albany County,158319,158537,157986,157325,156369,155994,155669,155368,155500,155201,155346,155529,155176,154390,153743,153432
276245,9416,Central Business District,Neighborhood,NY,NY,Buffalo,Buffalo-Cheektowaga-Niagara Falls,Erie County,190152,188782,189180,191765,192766,194850,195653,196031,195159,196094,198803,202605,206377,209294,211036,212274
760939,9457,Stockade,Neighborhood,NY,NY,Schenectady,Albany-Schenectady-Troy,Schenectady County,135142,135801,136193,135354,133640,133179,133675,134204,134436,134670,135164,136584,137934,138761,139216,140085
28377,9569,Alcove,Neighborhood,NY,NY,Town of Coeymans,Albany-Schenectady-Troy,Albany County,237369,239098,242099,244054,244863,245166,245800,245704,246360,246896,248741,249224,249291,247351,244557,241793
167821,9585,Lincoln Park,Neighborhood,NY,NY,Yonkers,New York-Newark-Jersey City,Westchester County,567125,562521,565557,571562,580041,584455,588342,593822,599049,602683,603369,605920,610230,616578,618172,617060
343885,9695,Cobbs Hill,Neighborhood,NY,NY,Rochester,Rochester,Monroe County,226718,228699,229874,230476,231399,232366,232661,232876,232336,232804,233416,234359,234868,235635,237227,239625
342687,9802,Normanskill,Neighborhood,NY,NY,Albany,Albany-Schenectady-Troy,Albany County,228339,229835,230610,231386,231176,230778,230487,229694,229029,228716,229774,230734,230966,229937,229022,228289
193330,9829,Billington Heights,Neighborhood,NY,NY,Town Of Elma,Buffalo-Cheektowaga-Niagara Falls,Erie County,286139,287641,289681,290649,292120,293214,294460,295245,295390,295298,295949,296427,296959,297029,296610,296703
270949,9884,Tifft,Neighborhood,NY,NY,Buffalo,Buffalo-Cheektowaga-Niagara Falls,Erie County,70183,72575,74954,75844,76191,76206,76651,76975,77952,79541,82019,84089,85193,85632,86297,87760
342678,9884,Sheridan Hollow,Neighborhood,NY,NY,Albany,Albany-Schenectady-Troy,Albany County,103945,107231,109712,110111,110153,110298,112384,113789,115502,116821,117566,117581,116694,115936,115907,117429
270833,9887,Emslie,Neighborhood,NY,NY,Buffalo,Buffalo-Cheektowaga-Niagara Falls,Erie County,56001,56217,56833,57003,56884,56682,56830,57001,57192,57436,57752,58228,58631,58866,58948,59290
35830,10181,Malba,Neighborhood,NY,NY,New York,New York-Newark-Jersey City,Queens County,1329388,1336515,1341039,1341801,1337472,1331400,1326516,1324714,1323950,1324375,1324848,1321614,1318933,1314916,1309982,1309052
270870,10227,Lighthouse Hill,Neighborhood,NY,NY,New York,New York-Newark-Jersey City,Richmond County,1039147,1041895,1038510,1033931,1029652,1030373,1030597,1029296,1027192,1022742,1018020,1012937,1010264,1009075,1011592,1015372
342690,10309,Center Square,Neighborhood,NY,NY,Albany,Albany-Schenectady-Troy,Albany County,247589,249082,251363,251797,250622,248988,248656,248440,248359,248003,248932,249571,249487,247451,244541,242938
52412,10403,Harbor Isle,Neighborhood,NY,NY,Island Park,New York-Newark-Jersey City,Nassau County,512888,514309,516975,516498,517382,518156,520652,523264,524126,525369,527087,529256,530241,531874,532947,535943
5397,10437,Kensington,Neighborhood,NY,NY,Great Neck,New York-Newark-Jersey City,Nassau County,1613278,1612797,1613594,1612460,1603917,1599989,1598599,1599443,1597023,1592832,1592868,1589853,1590714,1586625,1582659,1584017
195090,10526,Great Neck Gardens,Neighborhood,NY,NY,Great Neck,New York-Newark-Jersey City,Nassau County,1122065,1121705,1118887,1114723,1107266,1100525,1095273,1093017,1090439,1088375,1085165,1082814,1079548,1075540,1073859,1072083
403212,10559,Pelham Bay Park,Neighborhood,NY,NY,New York,New York-Newark-Jersey City,Bronx County,896149,912477,922184,930142,936365,942142,955916,973558,988813,1001163,1011575,1009434,1010757,1009852,1018907,1032227
342697,10618,Upper Washington Avenue,Neighborhood,NY,NY,Albany,Albany-Schenectady-Troy,Albany County,191988,192733,193069,193515,192975,192641,192827,192372,192091,191731,192842,193792,194767,194546,194609,194742
43372,10712,Russell Gardens,Neighborhood,NY,NY,Great Neck,New York-Newark-Jersey City,Nassau County,1302054,1299921,1297066,1295413,1291605,1282960,1275040,1268288,1263828,1259658,1257172,1255489,1256033,1253761,1251760,1249388
270962,11196,Waterfront,Neighborhood,NY,NY,Buffalo,Buffalo-Cheektowaga-Niagara Falls,Erie County,504537,509849,516706,521537,525427,527539,527985,528148,528014,529104,530501,532343,532683,531474,529274,526541
342691,11230,Second Avenue,Neighborhood,NY,NY,Albany,Albany-Schenectady-Troy,Albany County,103482,103260,102535,102260,101972,102599,102872,103216,103304,103052,102422,100875,99863,98888,98015,96803
42662,11259,Neponsit,Neighborhood,NY,NY,New York,New York-Newark-Jersey City,Queens County,1204525,1208809,1208821,1209310,1210102,1204528,1196784,1186297,1183259,1180321,1183605,1181619,1178770,1177565,1180152,1182693
342686,11384,Dunes,Neighborhood,NY,NY,Albany,Albany-Schenectady-Troy,Albany County,173192,173999,175143,176269,177463,178067,178517,177962,177712,177764,178830,179549,179843,179007,177513,175719
342694,11734,Bishop's Gate,Neighborhood,NY,NY,Albany,Albany-Schenectady-Troy,Albany County,249776,251104,252770,255251,256380,257193,257680,257941,258178,258925,260572,262285,263752,263438,262714,261337
396772,11880,Northwest Ithaca,Neighborhood,NY,NY,Town Of Ithaca,Ithaca,Tompkins County,246421,245479,244742,242477,240612,238905,238528,238647,239618,240870,241155,241352,241846,243951,246167,249678
270959,12204,Valley,Neighborhood,NY,NY,Buffalo,Buffalo-Cheektowaga-Niagara Falls,Erie County,45530,45629,45972,45943,46057,45859,45860,45828,45766,45676,45562,45407,45166,44977,44652,44471
342699,12347,Lancaster,Neighborhood,NY,NY,Albany,Albany-Schenectady-Troy,Albany County,223391,224356,225185,227118,227397,228149,229188,229428,230058,230366,232342,233981,235074,234657,234013,233068
195060,12669,Grand View-on-Hudson,Neighborhood,NY,NY,Orangetown,New York-Newark-Jersey City,Rockland County,978110,986452,995145,992791,982401,976733,973894,977012,974319,967699,959671,953198,946506,939419,929868,924646
343898,12714,Susan B. Anthony,Neighborhood,NY,NY,Rochester,Rochester,Monroe County,59992,60649,60717,61045,61222,61728,62014,62656,63560,65201,66745,67868,68447,68858,69924,71207
270960,12849,Vinegar Hill,Neighborhood,NY,NY,New York,New York-Newark-Jersey City,New York County,1511379,1509115,1508906,1501537,1500090,1495306,1489824,1476953,1462329,1451469,1437668,1430818,1419972,1415370,1407099,1397704
197877,12978,Shore Acres,Neighborhood,NY,NY,New York,New York-Newark-Jersey City,Richmond County,411561,412023,414202,417389,419856,419819,418396,417661,418244,419194,418981,418156,417979,417598,417831,416124
273219,13085,Charleston,Neighborhood,NY,NY,New York,New York-Newark-Jersey City,Richmond County,747012,748922,745751,739989,734027,730211,726980,725506,725701,724845,723344,721515,720704,721358,725215,730612
194773,13286,Forest Home,Neighborhood,NY,NY,Town Of Ithaca,Ithaca,Tompkins County,396512,395000,394111,388492,383435,378548,377403,377110,378374,380018,380195,380680,381632,385331,389298,396723
764316,13373,Hexam Gardens,Neighborhood,NY,NY,Town of Niskayuna,Albany-Schenectady-Troy,Schenectady County,289972,291295,292451,291309,289308,288229,288170,287598,287463,287350,287885,289052,288833,288095,286758,286386
274242,13392,Lakefront,Neighborhood,NY,NY,Syracuse,Syracuse,Onondaga County,266121,265897,264177,259144,255523,251234,246756,242857,242184,243688,245288,245841,244481,244435,245670,248954
342685,13440,Mansion Area,Neighborhood,NY,NY,Albany,Albany-Schenectady-Troy,Albany County,140115,143553,146014,146806,146214,146240,147222,147788,147800,147108,147605,147300,145365,141709,138357,136363
39235,13580,Kiamesha Lake,Neighborhood,NY,NY,Thompson,,Sullivan County,78516,77711,75655,74433,74105,75012,75500,75450,74666,74277,73774,73211,72871,72837,73620,73592
5061,13609,Harbor Hills,Neighborhood,NY,NY,Great Neck,New York-Newark-Jersey City,Nassau County,1547702,1549014,1552447,1548606,1539870,1528164,1524208,1520911,1516294,1508565,1505971,1506266,1511865,1513210,1512893,1521050
273299,13803,Cold Spring,Neighborhood,NY,NY,Buffalo,Buffalo-Cheektowaga-Niagara Falls,Erie County,84869,84343,84223,83977,83785,83000,82898,83095,83599,84538,85488,86169,87248,88413,89771,91068
343897,13911,B.E.S.T,Neighborhood,NY,NY,Rochester,Rochester,Monroe County,35146,35533,35709,35811,36008,36203,36430,36327,36171,36033,36029,35619,35067,34298,33716,33348
343909,13976,Brown Square,Neighborhood,NY,NY,Rochester,Rochester,Monroe County,30823,31097,31691,32230,32597,32738,32883,32835,32753,32785,33103,33227,33198,32996,32558,32065
342692,14218,Krank Park - Cherry Hill,Neighborhood,NY,NY,Albany,Albany-Schenectady-Troy,Albany County,93559,94682,95423,96010,96368,96926,97319,97336,96655,96065,95457,94372,92519,90277,88211,86020
33787,14227,Saddle Rock,Neighborhood,NY,NY,Great Neck,New York-Newark-Jersey City,Nassau County,1781889,1786452,1789498,1783332,1774054,1756978,1736854,1718868,1711369,1703418,1706917,1709667,1714176,1715986,1721121,1734394
3698,14407,Bliss,Neighborhood,NY,NY,Eagle,,Wyoming County,90700,91111,91534,91529,91524,91469,91798,92057,92393,92562,92891,93226,93747,94083,94382,94951
20289,15235,Saddle Rock Estates,Neighborhood,NY,NY,Great Neck,New York-Newark-Jersey City,Nassau County,1316329,1314209,1311298,1311154,1301747,1291353,1280652,1274992,1267640,1260440,1255439,1252922,1250940,1244281,1237486,1234992
270802,15481,Blissville,Neighborhood,NY,NY,New York,New York-Newark-Jersey City,Queens County,1302008,1299647,1291866,1281381,1281274,1288487,1300460,1299239,1295643,1279916,1260260,1234754,1219387,1207383,1203118,1196980
761208,15569,Merlin Park,Neighborhood,NY,NY,Town of Niskayuna,Albany-Schenectady-Troy,Schenectady County,338808,339938,341787,341462,340720,339814,339465,339062,339514,340397,341365,343499,344154,344355,342942,341849
29902,15835,Delevan,Neighborhood,NY,NY,Town of Yorkshire,Olean,Cattaraugus County,96211,96831,96951,98191,99699,101036,100624,100009,99546,99779,99372,99135,98891,99102,99461,99003
403229,16359,Jacob Riis Park,Neighborhood,NY,NY,New York,New York-Newark-Jersey City,Queens County,1245818,1245216,1242667,1248771,1254210,1250559,1237919,1225502,1220482,1215381,1214228,1203157,1192531,1190289,1190860,1187985
343887,16521,Duran Eastman Park,Neighborhood,NY,NY,Rochester,Rochester,Monroe County,247533,249287,250617,250977,251355,250382,249350,248755,249089,250066,250629,251428,251490,251651,252724,254620
55144,16533,Westhampton Dunes,Neighborhood,NY,NY,Westhampton Beach,New York-Newark-Jersey City,Suffolk County,2351473,2355801,2374364,2399299,2404368,2406073,2401328,2400656,2392421,2388117,2383230,2388675,2398249,2404388,2404417,2401000
49511,16533,Narrowsburg,Neighborhood,NY,NY,Tusten,,Sullivan County,153835,151273,147701,145645,145968,147376,148098,147648,145322,143766,142501,142900,143961,145835,148575,149767
270893,16533,Navy Yard,Neighborhood,NY,NY,New York,New York-Newark-Jersey City,Kings County,1009904,1005472,1007487,1005900,1000990,990688,979073,972973,967740,974332,971731,974520,972713,978888,982936,990701
403107,16533,John F. Kennedy International Airport,Neighborhood,NY,NY,New York,New York-Newark-Jersey City,Queens County,664796,669084,676862,680938,685950,686102,683939,682101,675439,671019,665819,671688,673988,675764,673068,671025
55269,17008,Wykagyl,Neighborhood,NY,NY,New Rochelle,New York-Newark-Jersey City,Westchester County,790862,784077,781736,784080,789385,794100,794457,794029,792718,790025,787902,788345,790008,793031,794420,793908
28761,17008,Fleetwood,Neighborhood,NY,NY,Mount Vernon,New York-Newark-Jersey City,Westchester County,483740,479773,478277,480687,484409,488154,490151,493810,496419,496807,495924,497127,500184,504841,508084,509735
